{"ts":"2026-04-29T23:41:56.136Z","phase":"classified","sessionId":"session_144","grade":"A","topicType":"framing","echoTriggerDetected":true,"intentReconfirmRequested":false,"matchedKeywords":["좋아","그대로","박제해"],"elapsedMs":10}
{"ts":"2026-04-29T23:42:07.500Z","phase":"audit-emit","toolName":"Task","echoTriggerDetected":true,"intentReconfirmRequested":false,"matchedKeywords":["좋아","그대로","박제해"]}
{"ts":"2026-04-29T23:42:16.473Z","phase":"no-op","reason":"grade-or-type-mismatch","grade":"C","topicType":"framing"}
{"ts":"2026-04-29T23:43:47.689Z","phase":"audit-emit","toolName":"Agent","echoTriggerDetected":true,"intentReconfirmRequested":false,"matchedKeywords":["좋아","그대로","박제해"]}
{"ts":"2026-04-29T23:50:25.163Z","phase":"classified","sessionId":"d6430337-c086-4d35-809a-ec4693b17200","grade":"A","topicType":"framing","echoTriggerDetected":true,"intentReconfirmRequested":false,"matchedKeywords":["OK","ok"],"elapsedMs":19}
{"ts":"2026-04-29T23:53:54.801Z","phase":"classified","sessionId":"d6430337-c086-4d35-809a-ec4693b17200","grade":"A","topicType":"framing","echoTriggerDetected":false,"intentReconfirmRequested":false,"matchedKeywords":[],"elapsedMs":10}
{"ts":"2026-04-30T00:29:56.985Z","phase":"classified","sessionId":"d6430337-c086-4d35-809a-ec4693b17200","grade":"A","topicType":"framing","echoTriggerDetected":false,"intentReconfirmRequested":true,"matchedKeywords":["다음"],"elapsedMs":10}
{"ts":"2026-04-30T00:34:52.879Z","phase":"classified","sessionId":"32edde27-8b55-439c-9caa-d601d20a036e","grade":"A","topicType":"framing","echoTriggerDetected":false,"intentReconfirmRequested":false,"matchedKeywords":[],"elapsedMs":10}
{"ts":"2026-04-30T00:47:35.394Z","phase":"classified","sessionId":"32edde27-8b55-439c-9caa-d601d20a036e","grade":"S","topicType":"framing","echoTriggerDetected":false,"intentReconfirmRequested":false,"matchedKeywords":[],"elapsedMs":11}
{"ts":"2026-04-30T00:50:39.376Z","phase":"classified","sessionId":"32edde27-8b55-439c-9caa-d601d20a036e","grade":"S","topicType":"framing","echoTriggerDetected":false,"intentReconfirmRequested":false,"matchedKeywords":[],"elapsedMs":11}
{"ts":"2026-04-30T00:55:30.645Z","phase":"classified","sessionId":"32edde27-8b55-439c-9caa-d601d20a036e","grade":"S","topicType":"framing","echoTriggerDetected":false,"intentReconfirmRequested":false,"matchedKeywords":[],"elapsedMs":9}
{"ts":"2026-04-30T00:58:16.029Z","phase":"classified","sessionId":"32edde27-8b55-439c-9caa-d601d20a036e","grade":"S","topicType":"framing","echoTriggerDetected":false,"intentReconfirmRequested":false,"matchedKeywords":[],"elapsedMs":10}
{"ts":"2026-04-30T01:18:16.064Z","phase":"classified","sessionId":"32edde27-8b55-439c-9caa-d601d20a036e","grade":"S","topicType":"framing","echoTriggerDetected":false,"intentReconfirmRequested":false,"matchedKeywords":[],"elapsedMs":13}
{"ts":"2026-04-30T01:34:43.610Z","phase":"classified","sessionId":"32edde27-8b55-439c-9caa-d601d20a036e","grade":"S","topicType":"framing","echoTriggerDetected":false,"intentReconfirmRequested":false,"matchedKeywords":[],"elapsedMs":15}
{"ts":"2026-04-30T01:42:51.686Z","phase":"classified","sessionId":"32edde27-8b55-439c-9caa-d601d20a036e","grade":"S","topicType":"framing","echoTriggerDetected":true,"intentReconfirmRequested":false,"matchedKeywords":["OK","ok"],"elapsedMs":9}
{"ts":"2026-04-30T01:51:48.634Z","phase":"classified","sessionId":"32edde27-8b55-439c-9caa-d601d20a036e","grade":"S","topicType":"framing","echoTriggerDetected":false,"intentReconfirmRequested":false,"matchedKeywords":[],"elapsedMs":10}
{"ts":"2026-04-30T01:55:45.331Z","phase":"classified","sessionId":"32edde27-8b55-439c-9caa-d601d20a036e","grade":"S","topicType":"framing","echoTriggerDetected":false,"intentReconfirmRequested":false,"matchedKeywords":[],"elapsedMs":11}
{"ts":"2026-04-30T01:59:45.590Z","phase":"classified","sessionId":"32edde27-8b55-439c-9caa-d601d20a036e","grade":"S","topicType":"framing","echoTriggerDetected":false,"intentReconfirmRequested":true,"matchedKeywords":["진행해"],"elapsedMs":9}
{"ts":"2026-04-30T02:13:55.609Z","phase":"classified","sessionId":"32edde27-8b55-439c-9caa-d601d20a036e","grade":"S","topicType":"framing","echoTriggerDetected":false,"intentReconfirmRequested":false,"matchedKeywords":[],"elapsedMs":9}
{"ts":"2026-04-30T02:37:47.088Z","phase":"classified","sessionId":"32edde27-8b55-439c-9caa-d601d20a036e","grade":"S","topicType":"framing","echoTriggerDetected":false,"intentReconfirmRequested":false,"matchedKeywords":[],"elapsedMs":10}
{"ts":"2026-04-30T02:41:02.836Z","phase":"classified","sessionId":"32edde27-8b55-439c-9caa-d601d20a036e","grade":"S","topicType":"framing","echoTriggerDetected":false,"intentReconfirmRequested":false,"matchedKeywords":[],"elapsedMs":7}
{"ts":"2026-04-30T02:41:29.751Z","phase":"no-audit","toolName":"Agent"}
{"ts":"2026-04-30T04:28:31.364Z","phase":"classified","sessionId":"32edde27-8b55-439c-9caa-d601d20a036e","grade":"S","topicType":"framing","echoTriggerDetected":false,"intentReconfirmRequested":true,"matchedKeywords":["다음"],"elapsedMs":9}
{"ts":"2026-04-30T04:35:04.526Z","phase":"classified","sessionId":"32edde27-8b55-439c-9caa-d601d20a036e","grade":"S","topicType":"framing","echoTriggerDetected":false,"intentReconfirmRequested":false,"matchedKeywords":[],"elapsedMs":16}
{"ts":"2026-04-30T04:38:39.027Z","phase":"classified","sessionId":"32edde27-8b55-439c-9caa-d601d20a036e","grade":"S","topicType":"framing","echoTriggerDetected":false,"intentReconfirmRequested":false,"matchedKeywords":[],"elapsedMs":11}
{"ts":"2026-04-30T04:42:22.234Z","phase":"classified","sessionId":"62e67822-59e9-4759-b052-6d96d6e4c0f4","grade":"S","topicType":"framing","echoTriggerDetected":true,"intentReconfirmRequested":false,"matchedKeywords":["OK","ok","확정"],"elapsedMs":7}
{"ts":"2026-04-30T04:44:43.320Z","phase":"classified","sessionId":"62e67822-59e9-4759-b052-6d96d6e4c0f4","grade":"S","topicType":"framing","echoTriggerDetected":false,"intentReconfirmRequested":false,"matchedKeywords":[],"elapsedMs":10}
{"ts":"2026-04-30T04:51:29.301Z","phase":"classified","sessionId":"62e67822-59e9-4759-b052-6d96d6e4c0f4","grade":"S","topicType":"framing","echoTriggerDetected":false,"intentReconfirmRequested":false,"matchedKeywords":[],"elapsedMs":8}
{"ts":"2026-04-30T04:53:11.463Z","phase":"classified","sessionId":"62e67822-59e9-4759-b052-6d96d6e4c0f4","grade":"S","topicType":"framing","echoTriggerDetected":false,"intentReconfirmRequested":false,"matchedKeywords":[],"elapsedMs":11}
{"ts":"2026-04-30T04:55:35.980Z","phase":"classified","sessionId":"62e67822-59e9-4759-b052-6d96d6e4c0f4","grade":"S","topicType":"framing","echoTriggerDetected":false,"intentReconfirmRequested":false,"matchedKeywords":[],"elapsedMs":7}
{"ts":"2026-04-30T05:01:23.137Z","phase":"classified","sessionId":"fe543fb0-d752-4e34-bbb3-e28f3c046b4d","grade":"S","topicType":"framing","echoTriggerDetected":false,"intentReconfirmRequested":false,"matchedKeywords":[],"elapsedMs":7}
{"ts":"2026-04-30T05:03:52.736Z","phase":"classified","sessionId":"fe543fb0-d752-4e34-bbb3-e28f3c046b4d","grade":"A","topicType":"framing","echoTriggerDetected":false,"intentReconfirmRequested":false,"matchedKeywords":[],"elapsedMs":7}
{"ts":"2026-04-30T05:12:57.605Z","phase":"classified","sessionId":"fe543fb0-d752-4e34-bbb3-e28f3c046b4d","grade":"A","topicType":"framing","echoTriggerDetected":false,"intentReconfirmRequested":false,"matchedKeywords":[],"elapsedMs":9}
{"ts":"2026-04-30T05:14:03.701Z","phase":"classified","sessionId":"fe543fb0-d752-4e34-bbb3-e28f3c046b4d","grade":"A","topicType":"framing","echoTriggerDetected":false,"intentReconfirmRequested":false,"matchedKeywords":[],"elapsedMs":9}
{"ts":"2026-04-30T05:14:52.395Z","phase":"no-audit","toolName":"Agent"}
{"ts":"2026-04-30T05:22:42.876Z","phase":"classified","sessionId":"fe543fb0-d752-4e34-bbb3-e28f3c046b4d","grade":"A","topicType":"framing","echoTriggerDetected":false,"intentReconfirmRequested":false,"matchedKeywords":[],"elapsedMs":7}
{"ts":"2026-04-30T05:28:28.250Z","phase":"classified","sessionId":"fe543fb0-d752-4e34-bbb3-e28f3c046b4d","grade":"A","topicType":"framing","echoTriggerDetected":false,"intentReconfirmRequested":true,"matchedKeywords":["다음"],"elapsedMs":8}
{"ts":"2026-04-30T05:35:00.932Z","phase":"classified","sessionId":"47fe863f-df7d-4b84-9d33-696bcd53787c","grade":"A","topicType":"framing","echoTriggerDetected":false,"intentReconfirmRequested":false,"matchedKeywords":[],"elapsedMs":6}
{"ts":"2026-04-30T05:37:44.489Z","phase":"classified","sessionId":"47fe863f-df7d-4b84-9d33-696bcd53787c","grade":"A","topicType":"framing","echoTriggerDetected":false,"intentReconfirmRequested":true,"matchedKeywords":["진행해"],"elapsedMs":8}
{"ts":"2026-04-30T05:43:21.481Z","phase":"classified","sessionId":"47fe863f-df7d-4b84-9d33-696bcd53787c","grade":"A","topicType":"framing","echoTriggerDetected":false,"intentReconfirmRequested":false,"matchedKeywords":[],"elapsedMs":7}
{"ts":"2026-04-30T05:48:23.830Z","phase":"classified","sessionId":"47fe863f-df7d-4b84-9d33-696bcd53787c","grade":"A","topicType":"framing","echoTriggerDetected":false,"intentReconfirmRequested":false,"matchedKeywords":[],"elapsedMs":10}
{"ts":"2026-04-30T05:53:46.064Z","phase":"classified","sessionId":"47fe863f-df7d-4b84-9d33-696bcd53787c","grade":"A","topicType":"framing","echoTriggerDetected":false,"intentReconfirmRequested":false,"matchedKeywords":[],"elapsedMs":7}
{"ts":"2026-04-30T05:58:02.784Z","phase":"classified","sessionId":"47fe863f-df7d-4b84-9d33-696bcd53787c","grade":"A","topicType":"framing","echoTriggerDetected":false,"intentReconfirmRequested":false,"matchedKeywords":[],"elapsedMs":7}
{"ts":"2026-04-30T05:58:54.673Z","phase":"classified","sessionId":"47fe863f-df7d-4b84-9d33-696bcd53787c","grade":"A","topicType":"framing","echoTriggerDetected":false,"intentReconfirmRequested":false,"matchedKeywords":[],"elapsedMs":6}
{"ts":"2026-04-30T06:04:02.661Z","phase":"classified","sessionId":"47fe863f-df7d-4b84-9d33-696bcd53787c","grade":"A","topicType":"framing","echoTriggerDetected":false,"intentReconfirmRequested":false,"matchedKeywords":[],"elapsedMs":7}
{"ts":"2026-04-30T06:09:52.271Z","phase":"classified","sessionId":"47fe863f-df7d-4b84-9d33-696bcd53787c","grade":"A","topicType":"framing","echoTriggerDetected":false,"intentReconfirmRequested":false,"matchedKeywords":[],"elapsedMs":8}
{"ts":"2026-04-30T06:10:16.377Z","phase":"classified","sessionId":"47fe863f-df7d-4b84-9d33-696bcd53787c","grade":"A","topicType":"framing","echoTriggerDetected":false,"intentReconfirmRequested":false,"matchedKeywords":[],"elapsedMs":6}
{"ts":"2026-04-30T06:10:50.915Z","phase":"classified","sessionId":"47fe863f-df7d-4b84-9d33-696bcd53787c","grade":"A","topicType":"framing","echoTriggerDetected":false,"intentReconfirmRequested":false,"matchedKeywords":[],"elapsedMs":7}
{"ts":"2026-04-30T06:11:19.605Z","phase":"no-audit","toolName":"Agent"}
{"ts":"2026-04-30T06:19:51.479Z","phase":"classified","sessionId":"dbbc3809-d54d-4302-8a0f-0439ae6bae03","grade":"A","topicType":"framing","echoTriggerDetected":false,"intentReconfirmRequested":false,"matchedKeywords":[],"elapsedMs":6}
{"ts":"2026-04-30T06:56:33.656Z","phase":"no-op","reason":"grade-or-type-mismatch","grade":"A","topicType":"standalone"}
{"ts":"2026-04-30T07:04:28.402Z","phase":"no-op","reason":"grade-or-type-mismatch","grade":"A","topicType":"standalone"}
{"ts":"2026-04-30T07:05:42.285Z","phase":"no-op","reason":"grade-or-type-mismatch","grade":"A","topicType":"standalone"}
{"ts":"2026-04-30T07:25:28.529Z","phase":"no-op","reason":"grade-or-type-mismatch","grade":"A","topicType":"standalone"}
{"ts":"2026-04-30T07:28:09.900Z","phase":"no-op","reason":"grade-or-type-mismatch","grade":"A","topicType":"standalone"}
{"ts":"2026-04-30T07:29:39.644Z","phase":"no-op","reason":"grade-or-type-mismatch","grade":"A","topicType":"standalone"}
{"ts":"2026-04-30T07:40:16.399Z","phase":"no-op","reason":"grade-or-type-mismatch","grade":"A","topicType":"standalone"}
{"ts":"2026-04-30T07:40:49.747Z","phase":"no-op","reason":"grade-or-type-mismatch","grade":"A","topicType":"standalone"}
{"ts":"2026-04-30T07:43:08.978Z","phase":"no-op","reason":"grade-or-type-mismatch","grade":"A","topicType":"standalone"}
{"ts":"2026-04-30T07:46:28.355Z","phase":"no-op","reason":"grade-or-type-mismatch","grade":"A","topicType":"standalone"}
{"ts":"2026-04-30T07:48:40.396Z","phase":"no-op","reason":"grade-or-type-mismatch","grade":"A","topicType":"standalone"}
{"ts":"2026-04-30T07:49:35.542Z","phase":"no-audit","toolName":"Agent"}
{"ts":"2026-04-30T10:21:33.401Z","phase":"no-op","reason":"grade-or-type-mismatch","grade":"A","topicType":"standalone"}
{"ts":"2026-04-30T10:24:51.323Z","phase":"no-op","reason":"grade-or-type-mismatch","grade":"A","topicType":"standalone"}
{"ts":"2026-04-30T10:25:29.674Z","phase":"no-audit","toolName":"Agent"}
{"ts":"2026-04-30T10:33:32.632Z","phase":"no-op","reason":"grade-or-type-mismatch","grade":"A","topicType":"standalone"}
{"ts":"2026-04-30T10:34:55.717Z","phase":"no-op","reason":"grade-or-type-mismatch","grade":"A","topicType":"standalone"}
{"ts":"2026-04-30T10:40:26.694Z","phase":"no-op","reason":"grade-or-type-mismatch","grade":"A","topicType":"standalone"}
{"ts":"2026-04-30T10:43:47.108Z","phase":"no-op","reason":"grade-or-type-mismatch","grade":"A","topicType":"standalone"}
{"ts":"2026-04-30T10:45:21.310Z","phase":"no-op","reason":"grade-or-type-mismatch","grade":"A","topicType":"standalone"}
{"ts":"2026-04-30T10:46:58.109Z","phase":"no-audit","toolName":"Agent"}
{"ts":"2026-04-30T10:49:33.517Z","phase":"no-op","reason":"grade-or-type-mismatch","grade":"A","topicType":"standalone"}
{"ts":"2026-04-30T10:50:47.598Z","phase":"no-op","reason":"grade-or-type-mismatch","grade":"A","topicType":"standalone"}
{"ts":"2026-04-30T10:52:43.836Z","phase":"no-op","reason":"grade-or-type-mismatch","grade":"A","topicType":"standalone"}
{"ts":"2026-04-30T10:55:33.054Z","phase":"no-op","reason":"grade-or-type-mismatch","grade":"A","topicType":"standalone"}
{"ts":"2026-04-30T11:20:34.129Z","phase":"no-op","reason":"grade-or-type-mismatch","grade":"A","topicType":"standalone"}
{"ts":"2026-04-30T11:21:25.512Z","phase":"no-audit","toolName":"Agent"}
{"ts":"2026-04-30T12:39:21.005Z","phase":"no-op","reason":"grade-or-type-mismatch","grade":"A","topicType":"standalone"}
{"ts":"2026-04-30T12:41:32.962Z","phase":"no-op","reason":"grade-or-type-mismatch","grade":"A","topicType":"standalone"}
{"ts":"2026-04-30T12:44:47.361Z","phase":"no-op","reason":"grade-or-type-mismatch","grade":"A","topicType":"standalone"}
{"ts":"2026-04-30T12:47:08.743Z","phase":"no-op","reason":"grade-or-type-mismatch","grade":"A","topicType":"standalone"}
{"ts":"2026-04-30T12:47:27.126Z","phase":"no-audit","toolName":"Agent"}
{"ts":"2026-04-30T12:50:05.340Z","phase":"no-op","reason":"grade-or-type-mismatch","grade":"A","topicType":"standalone"}
{"ts":"2026-04-30T12:53:51.528Z","phase":"no-op","reason":"grade-or-type-mismatch","grade":"A","topicType":"standalone"}
{"ts":"2026-04-30T13:02:45.078Z","phase":"no-op","reason":"grade-or-type-mismatch","grade":"A","topicType":"standalone"}
{"ts":"2026-04-30T13:04:49.061Z","phase":"no-audit","toolName":"Agent"}
{"ts":"2026-04-30T13:16:24.248Z","phase":"no-op","reason":"grade-or-type-mismatch","grade":"A","topicType":"standalone"}
{"ts":"2026-04-30T13:16:48.047Z","phase":"no-audit","toolName":"Agent"}
{"ts":"2026-04-30T13:28:20.129Z","phase":"no-op","reason":"grade-or-type-mismatch","grade":"A","topicType":"standalone"}
{"ts":"2026-04-30T13:39:52.395Z","phase":"no-op","reason":"grade-or-type-mismatch","grade":"A","topicType":"standalone"}
{"ts":"2026-04-30T13:42:27.655Z","phase":"no-op","reason":"grade-or-type-mismatch","grade":"A","topicType":"standalone"}
{"ts":"2026-04-30T13:42:57.463Z","phase":"no-audit","toolName":"Agent"}
{"ts":"2026-04-30T13:49:49.569Z","phase":"no-op","reason":"grade-or-type-mismatch","grade":"A","topicType":"standalone"}
{"ts":"2026-04-30T13:51:50.009Z","phase":"no-op","reason":"grade-or-type-mismatch","grade":"A","topicType":"standalone"}
{"ts":"2026-04-30T13:53:20.230Z","phase":"no-op","reason":"grade-or-type-mismatch","grade":"A","topicType":"standalone"}
{"ts":"2026-04-30T13:55:10.397Z","phase":"no-op","reason":"grade-or-type-mismatch","grade":"A","topicType":"standalone"}
{"ts":"2026-04-30T13:58:31.090Z","phase":"no-op","reason":"grade-or-type-mismatch","grade":"A","topicType":"standalone"}
{"ts":"2026-04-30T14:01:32.175Z","phase":"no-op","reason":"grade-or-type-mismatch","grade":"A","topicType":"standalone"}
{"ts":"2026-04-30T14:03:39.982Z","phase":"no-op","reason":"grade-or-type-mismatch","grade":"A","topicType":"standalone"}
{"ts":"2026-04-30T14:04:36.192Z","phase":"no-audit","toolName":"Agent"}
{"ts":"2026-04-30T15:08:34.133Z","phase":"no-op","reason":"grade-or-type-mismatch","grade":"A","topicType":"standalone"}
{"ts":"2026-04-30T15:15:22.231Z","phase":"classified","sessionId":"d61d8f1c-2507-4cfc-b512-b9058f341fc4","grade":"S","topicType":"framing","echoTriggerDetected":false,"intentReconfirmRequested":false,"matchedKeywords":[],"elapsedMs":7}
{"ts":"2026-04-30T15:16:59.286Z","phase":"no-audit","toolName":"Agent"}
{"ts":"2026-04-30T15:20:10.243Z","phase":"no-audit","toolName":"Agent"}
{"ts":"2026-04-30T15:23:44.114Z","phase":"no-op","reason":"grade-or-type-mismatch","grade":"B","topicType":"implementation"}
{"ts":"2026-04-30T15:24:09.668Z","phase":"no-audit","toolName":"Agent"}
{"ts":"2026-04-30T15:29:45.285Z","phase":"no-op","reason":"grade-or-type-mismatch","grade":"B","topicType":"implementation"}
{"ts":"2026-04-30T15:30:08.879Z","phase":"no-audit","toolName":"Agent"}
{"ts":"2026-04-30T15:33:30.793Z","phase":"no-audit","toolName":"Agent"}
{"ts":"2026-04-30T15:39:08.561Z","phase":"no-op","reason":"grade-or-type-mismatch","grade":"B","topicType":"implementation"}
{"ts":"2026-04-30T15:40:48.612Z","phase":"no-op","reason":"grade-or-type-mismatch","grade":"B","topicType":"implementation"}
{"ts":"2026-04-30T15:43:36.572Z","phase":"no-op","reason":"grade-or-type-mismatch","grade":"B","topicType":"implementation"}
{"ts":"2026-04-30T15:48:27.690Z","phase":"classified","sessionId":"11d4bd5c-5459-43ac-a816-18bd38b0ff1e","grade":"S","topicType":"framing","echoTriggerDetected":false,"intentReconfirmRequested":false,"matchedKeywords":[],"elapsedMs":6}
{"ts":"2026-04-30T15:48:52.296Z","phase":"no-audit","toolName":"Agent"}
{"ts":"2026-04-30T22:01:26.103Z","phase":"classified","sessionId":"11d4bd5c-5459-43ac-a816-18bd38b0ff1e","grade":"S","topicType":"framing","echoTriggerDetected":false,"intentReconfirmRequested":false,"matchedKeywords":[],"elapsedMs":8}
{"ts":"2026-04-30T22:04:59.945Z","phase":"classified","sessionId":"11d4bd5c-5459-43ac-a816-18bd38b0ff1e","grade":"S","topicType":"framing","echoTriggerDetected":false,"intentReconfirmRequested":false,"matchedKeywords":[],"elapsedMs":9}
{"ts":"2026-04-30T22:07:03.922Z","phase":"classified","sessionId":"11d4bd5c-5459-43ac-a816-18bd38b0ff1e","grade":"S","topicType":"framing","echoTriggerDetected":false,"intentReconfirmRequested":false,"matchedKeywords":[],"elapsedMs":7}
{"ts":"2026-04-30T22:10:43.791Z","phase":"classified","sessionId":"11d4bd5c-5459-43ac-a816-18bd38b0ff1e","grade":"S","topicType":"framing","echoTriggerDetected":true,"intentReconfirmRequested":false,"matchedKeywords":["OK","ok"],"elapsedMs":7}
{"ts":"2026-04-30T22:13:35.274Z","phase":"classified","sessionId":"11d4bd5c-5459-43ac-a816-18bd38b0ff1e","grade":"S","topicType":"framing","echoTriggerDetected":false,"intentReconfirmRequested":false,"matchedKeywords":[],"elapsedMs":8}
{"ts":"2026-04-30T22:18:29.074Z","phase":"classified","sessionId":"11d4bd5c-5459-43ac-a816-18bd38b0ff1e","grade":"S","topicType":"framing","echoTriggerDetected":false,"intentReconfirmRequested":false,"matchedKeywords":[],"elapsedMs":9}
{"ts":"2026-04-30T22:19:14.905Z","phase":"no-audit","toolName":"Agent"}
{"ts":"2026-04-30T22:27:16.578Z","phase":"classified","sessionId":"11d4bd5c-5459-43ac-a816-18bd38b0ff1e","grade":"S","topicType":"framing","echoTriggerDetected":false,"intentReconfirmRequested":false,"matchedKeywords":[],"elapsedMs":33}
{"ts":"2026-04-30T22:27:37.836Z","phase":"no-audit","toolName":"Agent"}
{"ts":"2026-04-30T22:38:32.102Z","phase":"classified","sessionId":"11d4bd5c-5459-43ac-a816-18bd38b0ff1e","grade":"S","topicType":"framing","echoTriggerDetected":false,"intentReconfirmRequested":true,"matchedKeywords":["계속"],"elapsedMs":7}
{"ts":"2026-04-30T22:38:50.932Z","phase":"audit-emit","toolName":"Agent","echoTriggerDetected":false,"intentReconfirmRequested":true,"matchedKeywords":["계속"]}
{"ts":"2026-04-30T22:50:18.737Z","phase":"classified","sessionId":"11d4bd5c-5459-43ac-a816-18bd38b0ff1e","grade":"S","topicType":"framing","echoTriggerDetected":false,"intentReconfirmRequested":false,"matchedKeywords":[],"elapsedMs":9}
{"ts":"2026-04-30T22:50:47.343Z","phase":"no-audit","toolName":"Agent"}
{"ts":"2026-04-30T22:54:31.256Z","phase":"classified","sessionId":"11d4bd5c-5459-43ac-a816-18bd38b0ff1e","grade":"S","topicType":"framing","echoTriggerDetected":false,"intentReconfirmRequested":false,"matchedKeywords":[],"elapsedMs":11}
{"ts":"2026-04-30T22:57:00.527Z","phase":"classified","sessionId":"11d4bd5c-5459-43ac-a816-18bd38b0ff1e","grade":"S","topicType":"framing","echoTriggerDetected":false,"intentReconfirmRequested":false,"matchedKeywords":[],"elapsedMs":8}
{"ts":"2026-04-30T22:59:05.075Z","phase":"classified","sessionId":"11d4bd5c-5459-43ac-a816-18bd38b0ff1e","grade":"S","topicType":"framing","echoTriggerDetected":false,"intentReconfirmRequested":false,"matchedKeywords":[],"elapsedMs":7}
{"ts":"2026-04-30T22:59:40.486Z","phase":"no-audit","toolName":"Agent"}
{"ts":"2026-04-30T23:03:32.820Z","phase":"classified","sessionId":"11d4bd5c-5459-43ac-a816-18bd38b0ff1e","grade":"S","topicType":"framing","echoTriggerDetected":false,"intentReconfirmRequested":false,"matchedKeywords":[],"elapsedMs":8}
{"ts":"2026-04-30T23:04:00.907Z","phase":"no-audit","toolName":"Agent"}
{"ts":"2026-04-30T23:09:43.978Z","phase":"classified","sessionId":"11d4bd5c-5459-43ac-a816-18bd38b0ff1e","grade":"S","topicType":"framing","echoTriggerDetected":false,"intentReconfirmRequested":false,"matchedKeywords":[],"elapsedMs":11}
{"ts":"2026-04-30T23:10:17.572Z","phase":"no-audit","toolName":"Agent"}
{"ts":"2026-04-30T23:16:36.748Z","phase":"no-audit","toolName":"Agent"}
{"ts":"2026-04-30T23:16:52.999Z","phase":"no-audit","toolName":"Agent"}
{"ts":"2026-04-30T23:23:50.253Z","phase":"classified","sessionId":"11d4bd5c-5459-43ac-a816-18bd38b0ff1e","grade":"S","topicType":"framing","echoTriggerDetected":false,"intentReconfirmRequested":false,"matchedKeywords":[],"elapsedMs":7}
{"ts":"2026-04-30T23:24:29.210Z","phase":"no-audit","toolName":"Agent"}
{"ts":"2026-04-30T23:32:13.383Z","phase":"classified","sessionId":"11d4bd5c-5459-43ac-a816-18bd38b0ff1e","grade":"S","topicType":"framing","echoTriggerDetected":false,"intentReconfirmRequested":true,"matchedKeywords":["진행해"],"elapsedMs":7}
{"ts":"2026-04-30T23:32:51.060Z","phase":"audit-emit","toolName":"Agent","echoTriggerDetected":false,"intentReconfirmRequested":true,"matchedKeywords":["진행해"]}
{"ts":"2026-04-30T23:46:37.118Z","phase":"audit-emit","toolName":"Agent","echoTriggerDetected":false,"intentReconfirmRequested":true,"matchedKeywords":["진행해"]}
{"ts":"2026-04-30T23:54:26.188Z","phase":"classified","sessionId":"43dabb09-89d9-4fbb-a5b6-1728ebeaab76","grade":"S","topicType":"framing","echoTriggerDetected":false,"intentReconfirmRequested":false,"matchedKeywords":[],"elapsedMs":9}
{"ts":"2026-04-30T23:55:48.748Z","phase":"no-audit","toolName":"Agent"}
{"ts":"2026-05-01T00:07:33.369Z","phase":"no-op","reason":"grade-or-type-mismatch","grade":"A","topicType":"implementation"}
{"ts":"2026-05-01T00:10:01.213Z","phase":"no-op","reason":"grade-or-type-mismatch","grade":"A","topicType":"implementation"}
{"ts":"2026-05-01T00:13:39.720Z","phase":"jobs-framing-activated","sessionId":"session_154","grade":"A"}
{"ts":"2026-05-01T00:13:41.160Z","phase":"no-op","reason":"jobs-framing-not-active","sessionId":"session_999","grade":"A"}
{"ts":"2026-05-01T00:13:48.525Z","phase":"classified","sessionId":"session_154","grade":"A","echoTriggerDetected":true,"intentReconfirmRequested":true,"matchedKeywords":["좋아","그대로","진행해"],"elapsedMs":13}
{"ts":"2026-05-01T00:13:53.751Z","phase":"classified","sessionId":"session_154","grade":"A","echoTriggerDetected":true,"intentReconfirmRequested":true,"matchedKeywords":["좋아","그대로","진행해"],"elapsedMs":11}
{"ts":"2026-05-01T00:22:54.990Z","phase":"no-op","reason":"jobs-framing-not-active","sessionId":"43dabb09-89d9-4fbb-a5b6-1728ebeaab76","grade":"A"}
{"ts":"2026-05-01T00:31:04.482Z","phase":"no-op","reason":"jobs-framing-not-active","sessionId":"43dabb09-89d9-4fbb-a5b6-1728ebeaab76","grade":"A"}
{"ts":"2026-05-01T00:33:37.322Z","phase":"no-op","reason":"jobs-framing-not-active","sessionId":"43dabb09-89d9-4fbb-a5b6-1728ebeaab76","grade":"A"}
{"ts":"2026-05-01T00:34:57.099Z","phase":"stale-state-skip","toolName":"Task","stateSessionId":"session_999","currentSessionId":"session_154"}
{"ts":"2026-05-01T00:35:08.650Z","phase":"audit-emit","toolName":"Task","echoTriggerDetected":true,"intentReconfirmRequested":false,"matchedKeywords":["좋아"]}
{"ts":"2026-05-01T00:35:34.253Z","phase":"no-op","reason":"jobs-framing-not-active","sessionId":"43dabb09-89d9-4fbb-a5b6-1728ebeaab76","grade":"A"}
{"ts":"2026-05-01T00:40:49.199Z","phase":"no-op","reason":"jobs-framing-not-active","sessionId":"43dabb09-89d9-4fbb-a5b6-1728ebeaab76","grade":"A"}
{"ts":"2026-05-01T00:43:13.851Z","phase":"no-op","reason":"jobs-framing-not-active","sessionId":"43dabb09-89d9-4fbb-a5b6-1728ebeaab76","grade":"A"}
{"ts":"2026-05-01T00:45:31.533Z","phase":"audit-emit","toolName":"Task","echoTriggerDetected":true,"intentReconfirmRequested":false,"matchedKeywords":["좋아"]}
{"ts":"2026-05-01T00:46:55.057Z","phase":"no-op","reason":"jobs-framing-not-active","sessionId":"43dabb09-89d9-4fbb-a5b6-1728ebeaab76","grade":"A"}
{"ts":"2026-05-01T00:49:06.122Z","phase":"audit-emit","toolName":"Task","echoTriggerDetected":true,"intentReconfirmRequested":false,"matchedKeywords":["좋아"]}
{"ts":"2026-05-01T00:50:31.114Z","phase":"no-op","reason":"jobs-framing-not-active","sessionId":"43dabb09-89d9-4fbb-a5b6-1728ebeaab76","grade":"A"}
{"ts":"2026-05-01T00:51:20.686Z","phase":"stale-state-skip","toolName":"Task","stateSessionId":null,"currentSessionId":"session_154"}
{"ts":"2026-05-01T00:55:47.692Z","phase":"no-op","reason":"jobs-framing-not-active","sessionId":"43dabb09-89d9-4fbb-a5b6-1728ebeaab76","grade":"A"}
{"ts":"2026-05-01T00:57:37.584Z","phase":"no-op","reason":"jobs-framing-not-active","sessionId":"43dabb09-89d9-4fbb-a5b6-1728ebeaab76","grade":"A"}
{"ts":"2026-05-01T00:58:07.639Z","phase":"stale-state-skip","toolName":"Agent","stateSessionId":null,"currentSessionId":"43dabb09-89d9-4fbb-a5b6-1728ebeaab76"}
{"ts":"2026-05-01T01:14:19.026Z","phase":"no-op","reason":"jobs-framing-not-active","sessionId":"43dabb09-89d9-4fbb-a5b6-1728ebeaab76","grade":"A"}
{"ts":"2026-05-01T01:16:32.209Z","phase":"no-op","reason":"jobs-framing-not-active","sessionId":"43dabb09-89d9-4fbb-a5b6-1728ebeaab76","grade":"A"}
{"ts":"2026-05-01T01:17:42.336Z","phase":"no-op","reason":"jobs-framing-not-active","sessionId":"43dabb09-89d9-4fbb-a5b6-1728ebeaab76","grade":"A"}
{"ts":"2026-05-01T01:23:39.507Z","phase":"no-op","reason":"jobs-framing-not-active","sessionId":"f9c82f52-6737-453a-b191-a90a16d0a1e1","grade":"A"}
{"ts":"2026-05-01T07:36:50.186Z","phase":"stale-state-skip","toolName":"Agent","stateSessionId":null,"currentSessionId":"f9c82f52-6737-453a-b191-a90a16d0a1e1"}
{"ts":"2026-05-01T07:40:27.348Z","phase":"no-op","reason":"jobs-framing-not-active","sessionId":"f9c82f52-6737-453a-b191-a90a16d0a1e1","grade":"A"}
{"ts":"2026-05-01T07:41:01.124Z","phase":"stale-state-skip","toolName":"Agent","stateSessionId":null,"currentSessionId":"f9c82f52-6737-453a-b191-a90a16d0a1e1"}
{"ts":"2026-05-01T07:43:25.389Z","phase":"stale-state-skip","toolName":"Agent","stateSessionId":null,"currentSessionId":"f9c82f52-6737-453a-b191-a90a16d0a1e1"}
{"ts":"2026-05-01T07:45:12.636Z","phase":"stale-state-skip","toolName":"Agent","stateSessionId":null,"currentSessionId":"f9c82f52-6737-453a-b191-a90a16d0a1e1"}
{"ts":"2026-05-01T07:49:44.565Z","phase":"stale-state-skip","toolName":"Agent","stateSessionId":null,"currentSessionId":"f9c82f52-6737-453a-b191-a90a16d0a1e1"}
{"ts":"2026-05-01T07:58:40.796Z","phase":"no-op","reason":"jobs-framing-not-active","sessionId":"dd470739-a4b7-4863-b6ed-56ea3d308e90","grade":"A"}
{"ts":"2026-05-01T08:19:58.805Z","phase":"no-op","reason":"jobs-framing-not-active","sessionId":"dd470739-a4b7-4863-b6ed-56ea3d308e90","grade":"S"}
{"ts":"2026-05-01T08:23:15.844Z","phase":"no-op","reason":"jobs-framing-not-active","sessionId":"dd470739-a4b7-4863-b6ed-56ea3d308e90","grade":"S"}
{"ts":"2026-05-01T08:24:08.264Z","phase":"stale-state-skip","toolName":"Task","stateSessionId":null,"currentSessionId":"session_156"}
{"ts":"2026-05-01T08:24:48.281Z","phase":"audit-emit","toolName":"Task","echoTriggerDetected":true,"intentReconfirmRequested":false,"matchedKeywords":["좋아"]}
{"ts":"2026-05-01T08:27:21.375Z","phase":"no-op","reason":"jobs-framing-not-active","sessionId":"dd470739-a4b7-4863-b6ed-56ea3d308e90","grade":"S"}
{"ts":"2026-05-01T08:32:29.014Z","phase":"no-op","reason":"jobs-framing-not-active","sessionId":"dd470739-a4b7-4863-b6ed-56ea3d308e90","grade":"S"}
{"ts":"2026-05-01T08:38:16.672Z","phase":"no-op","reason":"jobs-framing-not-active","sessionId":"dd470739-a4b7-4863-b6ed-56ea3d308e90","grade":"S"}
{"ts":"2026-05-01T08:43:14.244Z","phase":"no-op","reason":"jobs-framing-not-active","sessionId":"dd470739-a4b7-4863-b6ed-56ea3d308e90","grade":"S"}
{"ts":"2026-05-01T08:43:47.273Z","phase":"stale-state-skip","toolName":"Agent","stateSessionId":null,"currentSessionId":"dd470739-a4b7-4863-b6ed-56ea3d308e90"}
{"ts":"2026-05-01T08:48:53.083Z","phase":"jobs-framing-activated","sessionId":"dd470739-a4b7-4863-b6ed-56ea3d308e90","grade":"S"}
{"ts":"2026-05-01T08:49:31.608Z","phase":"no-audit","toolName":"Agent"}
{"ts":"2026-05-01T08:58:56.870Z","phase":"classified","sessionId":"dd470739-a4b7-4863-b6ed-56ea3d308e90","grade":"S","echoTriggerDetected":false,"intentReconfirmRequested":false,"matchedKeywords":[],"elapsedMs":12}
{"ts":"2026-05-01T08:59:30.926Z","phase":"no-audit","toolName":"Agent"}
{"ts":"2026-05-01T09:05:41.719Z","phase":"classified","sessionId":"dd470739-a4b7-4863-b6ed-56ea3d308e90","grade":"S","echoTriggerDetected":false,"intentReconfirmRequested":false,"matchedKeywords":[],"elapsedMs":8}
{"ts":"2026-05-01T09:06:17.982Z","phase":"no-audit","toolName":"Agent"}
{"ts":"2026-05-01T09:24:43.045Z","phase":"classified","sessionId":"dd470739-a4b7-4863-b6ed-56ea3d308e90","grade":"S","echoTriggerDetected":false,"intentReconfirmRequested":false,"matchedKeywords":[],"elapsedMs":9}
{"ts":"2026-05-01T09:25:41.257Z","phase":"no-audit","toolName":"Agent"}
{"ts":"2026-05-01T09:28:56.766Z","phase":"no-audit","toolName":"Agent"}
{"ts":"2026-05-01T10:57:16.410Z","phase":"classified","sessionId":"dd470739-a4b7-4863-b6ed-56ea3d308e90","grade":"S","echoTriggerDetected":false,"intentReconfirmRequested":false,"matchedKeywords":[],"elapsedMs":13}
{"ts":"2026-05-01T11:51:32.576Z","phase":"no-op","reason":"grade-mismatch","grade":"C"}
{"ts":"2026-05-01T11:52:23.225Z","phase":"no-op","reason":"grade-mismatch","grade":"C"}
{"ts":"2026-05-01T12:06:42.469Z","phase":"no-op","reason":"grade-mismatch","grade":"C"}
{"ts":"2026-05-01T12:07:09.765Z","phase":"jobs-framing-activated","sessionId":"test_session","grade":"A"}
{"ts":"2026-05-01T12:07:18.299Z","phase":"jobs-framing-activated","sessionId":"test_session","grade":"A"}
{"ts":"2026-05-01T12:07:18.508Z","phase":"classified","sessionId":"test_session","grade":"A","echoTriggerDetected":true,"intentReconfirmRequested":true,"matchedKeywords":["좋아","다음","계속"],"elapsedMs":16}
{"ts":"2026-05-01T12:07:18.508Z","phase":"audit-emit","source":"UserPromptSubmit","echoTriggerDetected":true,"intentReconfirmRequested":true,"matchedKeywords":["좋아","다음","계속"]}
{"ts":"2026-05-01T12:08:29.049Z","phase":"no-op","reason":"jobs-framing-not-active","sessionId":"31875f32-2f76-4cfb-9146-eb899f2e54b5","grade":"A"}
{"ts":"2026-05-01T12:11:44.413Z","phase":"no-op","reason":"grade-mismatch","grade":"C"}
{"ts":"2026-05-01T12:13:40.481Z","phase":"no-op","reason":"grade-mismatch","grade":"C"}
{"ts":"2026-05-01T12:24:49.148Z","phase":"no-op","reason":"grade-mismatch","grade":"C"}
{"ts":"2026-05-01T12:28:48.427Z","phase":"no-op","reason":"grade-mismatch","grade":"C"}
{"ts":"2026-05-01T12:30:23.439Z","phase":"no-op","reason":"grade-mismatch","grade":"C"}
{"ts":"2026-05-01T12:32:32.485Z","phase":"no-op","reason":"grade-mismatch","grade":"C"}
{"ts":"2026-05-01T12:35:08.361Z","phase":"no-op","reason":"grade-mismatch","grade":"C"}
{"ts":"2026-05-01T12:36:05.919Z","phase":"no-op","reason":"grade-mismatch","grade":"C"}
{"ts":"2026-05-01T12:37:58.419Z","phase":"no-op","reason":"grade-mismatch","grade":"C"}
{"ts":"2026-05-01T12:39:25.244Z","phase":"no-op","reason":"grade-mismatch","grade":"C"}
{"ts":"2026-05-01T12:42:13.546Z","phase":"no-op","reason":"grade-mismatch","grade":"C"}
{"ts":"2026-05-01T12:44:15.496Z","phase":"no-op","reason":"jobs-framing-not-active","sessionId":"a0fafaa6-6841-4f0a-ad84-659415565b87","grade":"B"}
{"ts":"2026-05-01T12:48:27.280Z","phase":"no-op","reason":"jobs-framing-not-active","sessionId":"a0fafaa6-6841-4f0a-ad84-659415565b87","grade":"B"}
{"ts":"2026-05-01T12:51:21.921Z","phase":"no-op","reason":"jobs-framing-not-active","sessionId":"a0fafaa6-6841-4f0a-ad84-659415565b87","grade":"B"}
{"ts":"2026-05-01T12:54:13.544Z","phase":"no-op","reason":"jobs-framing-not-active","sessionId":"a0fafaa6-6841-4f0a-ad84-659415565b87","grade":"B"}
{"ts":"2026-05-01T12:58:11.417Z","phase":"no-op","reason":"jobs-framing-not-active","sessionId":"a0fafaa6-6841-4f0a-ad84-659415565b87","grade":"B"}
{"ts":"2026-05-01T13:06:34.460Z","phase":"no-op","reason":"jobs-framing-not-active","sessionId":"a0fafaa6-6841-4f0a-ad84-659415565b87","grade":"B"}
{"ts":"2026-05-01T13:12:01.292Z","phase":"no-op","reason":"jobs-framing-not-active","sessionId":"a0fafaa6-6841-4f0a-ad84-659415565b87","grade":"B"}
{"ts":"2026-05-01T13:18:05.985Z","phase":"no-op","reason":"jobs-framing-not-active","sessionId":"a0fafaa6-6841-4f0a-ad84-659415565b87","grade":"B"}
{"ts":"2026-05-01T13:22:09.135Z","phase":"no-op","reason":"jobs-framing-not-active","sessionId":"a0fafaa6-6841-4f0a-ad84-659415565b87","grade":"B"}
{"ts":"2026-05-01T13:25:06.180Z","phase":"no-op","reason":"jobs-framing-not-active","sessionId":"a0fafaa6-6841-4f0a-ad84-659415565b87","grade":"B"}
{"ts":"2026-05-01T13:29:12.581Z","phase":"no-op","reason":"jobs-framing-not-active","sessionId":"06952baa-03f6-41ae-89a1-a055119d16b3","grade":"B"}
{"ts":"2026-05-01T13:31:29.698Z","phase":"stale-state-skip","toolName":"Agent","stateSessionId":"test_session","currentSessionId":"06952baa-03f6-41ae-89a1-a055119d16b3"}
{"ts":"2026-05-01T13:34:59.244Z","phase":"no-op","reason":"jobs-framing-not-active","sessionId":"06952baa-03f6-41ae-89a1-a055119d16b3","grade":"A"}
{"ts":"2026-05-01T13:35:17.082Z","phase":"stale-state-skip","toolName":"Agent","stateSessionId":"test_session","currentSessionId":"06952baa-03f6-41ae-89a1-a055119d16b3"}
{"ts":"2026-05-01T13:37:50.627Z","phase":"stale-state-skip","toolName":"Agent","stateSessionId":"test_session","currentSessionId":"06952baa-03f6-41ae-89a1-a055119d16b3"}
{"ts":"2026-05-01T13:44:55.301Z","phase":"no-op","reason":"jobs-framing-not-active","sessionId":"06952baa-03f6-41ae-89a1-a055119d16b3","grade":"A"}
{"ts":"2026-05-01T13:45:25.651Z","phase":"stale-state-skip","toolName":"Agent","stateSessionId":"test_session","currentSessionId":"06952baa-03f6-41ae-89a1-a055119d16b3"}
{"ts":"2026-05-01T13:47:51.844Z","phase":"no-op","reason":"jobs-framing-not-active","sessionId":"06952baa-03f6-41ae-89a1-a055119d16b3","grade":"A"}
{"ts":"2026-05-01T13:48:04.319Z","phase":"stale-state-skip","toolName":"Agent","stateSessionId":"test_session","currentSessionId":"06952baa-03f6-41ae-89a1-a055119d16b3"}
{"ts":"2026-05-01T13:49:53.297Z","phase":"stale-state-skip","toolName":"Agent","stateSessionId":"test_session","currentSessionId":"06952baa-03f6-41ae-89a1-a055119d16b3"}
{"ts":"2026-05-01T13:55:47.123Z","phase":"no-op","reason":"jobs-framing-not-active","sessionId":"11ad91f6-b8e5-4f21-9a53-261baa3715be","grade":"A"}
{"ts":"2026-05-01T13:57:10.731Z","phase":"stale-state-skip","toolName":"Agent","stateSessionId":"test_session","currentSessionId":"11ad91f6-b8e5-4f21-9a53-261baa3715be"}
{"ts":"2026-05-01T14:01:06.928Z","phase":"no-op","reason":"jobs-framing-not-active","sessionId":"11ad91f6-b8e5-4f21-9a53-261baa3715be","grade":"B"}
{"ts":"2026-05-01T14:01:22.470Z","phase":"stale-state-skip","toolName":"Agent","stateSessionId":"test_session","currentSessionId":"11ad91f6-b8e5-4f21-9a53-261baa3715be"}
{"ts":"2026-05-01T14:04:07.296Z","phase":"stale-state-skip","toolName":"Agent","stateSessionId":"test_session","currentSessionId":"11ad91f6-b8e5-4f21-9a53-261baa3715be"}
{"ts":"2026-05-01T14:08:54.005Z","phase":"no-op","reason":"jobs-framing-not-active","sessionId":"11ad91f6-b8e5-4f21-9a53-261baa3715be","grade":"B"}
{"ts":"2026-05-01T14:10:40.761Z","phase":"no-op","reason":"jobs-framing-not-active","sessionId":"910e48f3-c71f-411f-a06a-c807f3a8fda1","grade":"B"}
{"ts":"2026-05-01T14:19:10.585Z","phase":"no-op","reason":"jobs-framing-not-active","sessionId":"910e48f3-c71f-411f-a06a-c807f3a8fda1","grade":"B"}
{"ts":"2026-05-01T14:23:45.270Z","phase":"no-op","reason":"jobs-framing-not-active","sessionId":"910e48f3-c71f-411f-a06a-c807f3a8fda1","grade":"B"}
{"ts":"2026-05-01T14:26:15.528Z","phase":"no-op","reason":"jobs-framing-not-active","sessionId":"910e48f3-c71f-411f-a06a-c807f3a8fda1","grade":"B"}
{"ts":"2026-05-01T14:26:36.084Z","phase":"stale-state-skip","toolName":"Agent","stateSessionId":"test_session","currentSessionId":"910e48f3-c71f-411f-a06a-c807f3a8fda1"}
{"ts":"2026-05-01T14:31:51.255Z","phase":"no-op","reason":"jobs-framing-not-active","sessionId":"910e48f3-c71f-411f-a06a-c807f3a8fda1","grade":"B"}
{"ts":"2026-05-01T14:39:42.909Z","phase":"no-op","reason":"jobs-framing-not-active","sessionId":"910e48f3-c71f-411f-a06a-c807f3a8fda1","grade":"B"}
{"ts":"2026-05-01T14:41:55.483Z","phase":"jobs-framing-activated","sessionId":"session_162","grade":"B","source":"Nexus-Skill"}
{"ts":"2026-05-01T14:42:34.363Z","phase":"no-op","reason":"grade-mismatch","grade":"C"}
{"ts":"2026-05-01T14:45:14.250Z","phase":"no-op","reason":"grade-mismatch","grade":"C"}
{"ts":"2026-05-01T14:49:23.114Z","phase":"jobs-framing-activated","sessionId":"e1f0412e-d8a6-43cf-a56c-612f67a32ca8","grade":"B"}
{"ts":"2026-05-01T14:52:15.142Z","phase":"no-audit","toolName":"Agent"}
{"ts":"2026-05-01T14:55:43.692Z","phase":"no-audit","toolName":"Agent"}
{"ts":"2026-05-01T15:00:08.802Z","phase":"no-audit","toolName":"Agent"}
{"ts":"2026-05-01T15:03:42.053Z","phase":"no-audit","toolName":"Agent"}
{"ts":"2026-05-01T15:07:24.166Z","phase":"no-audit","toolName":"Agent"}
{"ts":"2026-05-01T15:13:57.979Z","phase":"no-op","reason":"jobs-framing-not-active","sessionId":"7273709b-e7f1-4195-a3ae-59f38b66250c","grade":"S"}
{"ts":"2026-05-01T15:17:14.767Z","phase":"no-op","reason":"jobs-framing-not-active","sessionId":"7273709b-e7f1-4195-a3ae-59f38b66250c","grade":"S"}
{"ts":"2026-05-01T15:23:40.343Z","phase":"no-op","reason":"jobs-framing-not-active","sessionId":"7273709b-e7f1-4195-a3ae-59f38b66250c","grade":"S"}
{"ts":"2026-05-01T15:24:33.595Z","phase":"no-op","reason":"jobs-framing-not-active","sessionId":"7273709b-e7f1-4195-a3ae-59f38b66250c","grade":"S"}
{"ts":"2026-05-01T15:25:49.591Z","phase":"no-op","reason":"jobs-framing-not-active","sessionId":"7273709b-e7f1-4195-a3ae-59f38b66250c","grade":"S"}
{"ts":"2026-05-01T15:26:52.808Z","phase":"no-op","reason":"jobs-framing-not-active","sessionId":"7273709b-e7f1-4195-a3ae-59f38b66250c","grade":"S"}
{"ts":"2026-05-01T15:35:42.868Z","phase":"no-op","reason":"jobs-framing-not-active","sessionId":"7273709b-e7f1-4195-a3ae-59f38b66250c","grade":"S"}
{"ts":"2026-05-01T15:39:32.956Z","phase":"no-op","reason":"jobs-framing-not-active","sessionId":"aaf9bd14-0ed5-4782-ae47-8a3857d362ff","grade":"S"}
{"ts":"2026-05-01T15:41:32.240Z","phase":"no-op","reason":"jobs-framing-not-active","sessionId":"7273709b-e7f1-4195-a3ae-59f38b66250c","grade":"A"}
{"ts":"2026-05-01T15:41:58.456Z","phase":"no-op","reason":"jobs-framing-not-active","sessionId":"7273709b-e7f1-4195-a3ae-59f38b66250c","grade":"A"}
{"ts":"2026-05-01T15:42:17.069Z","phase":"jobs-framing-activated","sessionId":"aaf9bd14-0ed5-4782-ae47-8a3857d362ff","grade":"A"}
{"ts":"2026-05-01T15:46:51.761Z","phase":"classified","sessionId":"aaf9bd14-0ed5-4782-ae47-8a3857d362ff","grade":"A","echoTriggerDetected":false,"intentReconfirmRequested":false,"matchedKeywords":[],"elapsedMs":10}
{"ts":"2026-05-01T15:47:45.897Z","phase":"no-audit","toolName":"Agent"}
{"ts":"2026-05-01T16:39:54.177Z","phase":"classified","sessionId":"aaf9bd14-0ed5-4782-ae47-8a3857d362ff","grade":"A","echoTriggerDetected":false,"intentReconfirmRequested":false,"matchedKeywords":[],"elapsedMs":12}
{"ts":"2026-05-01T16:40:56.803Z","phase":"no-audit","toolName":"Agent"}
{"ts":"2026-05-01T16:47:00.336Z","phase":"classified","sessionId":"aaf9bd14-0ed5-4782-ae47-8a3857d362ff","grade":"A","echoTriggerDetected":false,"intentReconfirmRequested":false,"matchedKeywords":[],"elapsedMs":10}
{"ts":"2026-05-01T16:47:50.834Z","phase":"no-audit","toolName":"Agent"}
{"ts":"2026-05-01T16:48:20.659Z","phase":"no-audit","toolName":"Agent"}
{"ts":"2026-05-02T02:29:50.945Z","phase":"classified","sessionId":"aaf9bd14-0ed5-4782-ae47-8a3857d362ff","grade":"A","echoTriggerDetected":false,"intentReconfirmRequested":false,"matchedKeywords":[],"elapsedMs":13}
{"ts":"2026-05-02T02:30:40.831Z","phase":"no-audit","toolName":"Agent"}
{"ts":"2026-05-02T02:32:16.579Z","phase":"classified","sessionId":"aaf9bd14-0ed5-4782-ae47-8a3857d362ff","grade":"A","echoTriggerDetected":false,"intentReconfirmRequested":false,"matchedKeywords":[],"elapsedMs":11}
{"ts":"2026-05-02T02:37:56.993Z","phase":"classified","sessionId":"aaf9bd14-0ed5-4782-ae47-8a3857d362ff","grade":"A","echoTriggerDetected":false,"intentReconfirmRequested":false,"matchedKeywords":[],"elapsedMs":12}
{"ts":"2026-05-02T02:39:39.305Z","phase":"classified","sessionId":"aaf9bd14-0ed5-4782-ae47-8a3857d362ff","grade":"A","echoTriggerDetected":false,"intentReconfirmRequested":false,"matchedKeywords":[],"elapsedMs":8}
{"ts":"2026-05-02T03:06:11.722Z","phase":"classified","sessionId":"aaf9bd14-0ed5-4782-ae47-8a3857d362ff","grade":"A","echoTriggerDetected":false,"intentReconfirmRequested":false,"matchedKeywords":[],"elapsedMs":9}
{"ts":"2026-05-02T03:07:02.740Z","phase":"no-audit","toolName":"Agent"}
{"ts":"2026-05-02T03:17:53.014Z","phase":"classified","sessionId":"aaf9bd14-0ed5-4782-ae47-8a3857d362ff","grade":"A","echoTriggerDetected":false,"intentReconfirmRequested":false,"matchedKeywords":[],"elapsedMs":10}
{"ts":"2026-05-02T03:29:36.758Z","phase":"classified","sessionId":"aaf9bd14-0ed5-4782-ae47-8a3857d362ff","grade":"A","echoTriggerDetected":false,"intentReconfirmRequested":false,"matchedKeywords":[],"elapsedMs":21}
{"ts":"2026-05-02T03:44:23.280Z","phase":"classified","sessionId":"aaf9bd14-0ed5-4782-ae47-8a3857d362ff","grade":"A","echoTriggerDetected":false,"intentReconfirmRequested":false,"matchedKeywords":[],"elapsedMs":10}
{"ts":"2026-05-02T03:45:05.359Z","phase":"classified","sessionId":"aaf9bd14-0ed5-4782-ae47-8a3857d362ff","grade":"A","echoTriggerDetected":false,"intentReconfirmRequested":false,"matchedKeywords":[],"elapsedMs":10}
{"ts":"2026-05-02T03:46:08.338Z","phase":"no-op","reason":"jobs-framing-not-active","sessionId":"31287d75-5039-4460-bf86-13fa4e228d43","grade":"A"}
{"ts":"2026-05-02T03:47:33.333Z","phase":"no-op","reason":"grade-mismatch","grade":"C"}
{"ts":"2026-05-02T05:36:16.952Z","phase":"no-op","reason":"grade-mismatch","grade":"C"}
{"ts":"2026-05-02T05:45:01.741Z","phase":"no-op","reason":"jobs-framing-not-active","sessionId":"9fc25629-854f-4c54-8ca7-aa7703aa5310","grade":"S"}
{"ts":"2026-05-02T05:46:37.132Z","phase":"jobs-framing-activated","sessionId":"9fc25629-854f-4c54-8ca7-aa7703aa5310","grade":"S","source":"Nexus-Skill"}
{"ts":"2026-05-02T05:47:25.984Z","phase":"no-audit","toolName":"Agent"}
{"ts":"2026-05-02T05:52:00.103Z","phase":"classified","sessionId":"9fc25629-854f-4c54-8ca7-aa7703aa5310","grade":"S","echoTriggerDetected":false,"intentReconfirmRequested":false,"matchedKeywords":[],"elapsedMs":10}
{"ts":"2026-05-02T05:58:35.288Z","phase":"classified","sessionId":"9fc25629-854f-4c54-8ca7-aa7703aa5310","grade":"S","echoTriggerDetected":false,"intentReconfirmRequested":false,"matchedKeywords":[],"elapsedMs":29}
{"ts":"2026-05-02T05:59:28.321Z","phase":"no-audit","toolName":"Agent"}
{"ts":"2026-05-02T06:04:21.987Z","phase":"classified","sessionId":"9fc25629-854f-4c54-8ca7-aa7703aa5310","grade":"S","echoTriggerDetected":false,"intentReconfirmRequested":false,"matchedKeywords":[],"elapsedMs":10}
{"ts":"2026-05-02T06:05:05.085Z","phase":"no-audit","toolName":"Agent"}
{"ts":"2026-05-02T06:09:27.906Z","phase":"classified","sessionId":"9fc25629-854f-4c54-8ca7-aa7703aa5310","grade":"S","echoTriggerDetected":false,"intentReconfirmRequested":false,"matchedKeywords":[],"elapsedMs":9}
{"ts":"2026-05-02T06:10:05.039Z","phase":"no-audit","toolName":"Agent"}
{"ts":"2026-05-02T06:17:43.197Z","phase":"classified","sessionId":"9fc25629-854f-4c54-8ca7-aa7703aa5310","grade":"S","echoTriggerDetected":false,"intentReconfirmRequested":false,"matchedKeywords":[],"elapsedMs":10}
{"ts":"2026-05-02T06:18:18.720Z","phase":"no-audit","toolName":"Agent"}
{"ts":"2026-05-02T06:30:22.739Z","phase":"classified","sessionId":"9fc25629-854f-4c54-8ca7-aa7703aa5310","grade":"S","echoTriggerDetected":false,"intentReconfirmRequested":false,"matchedKeywords":[],"elapsedMs":10}
{"ts":"2026-05-02T06:31:33.561Z","phase":"no-audit","toolName":"Agent"}
{"ts":"2026-05-02T06:41:13.437Z","phase":"no-audit","toolName":"Agent"}
{"ts":"2026-05-02T06:55:05.226Z","phase":"classified","sessionId":"9fc25629-854f-4c54-8ca7-aa7703aa5310","grade":"S","echoTriggerDetected":false,"intentReconfirmRequested":false,"matchedKeywords":[],"elapsedMs":10}
{"ts":"2026-05-02T06:57:43.757Z","phase":"no-op","reason":"jobs-framing-not-active","sessionId":"f47eb771-462c-4156-854a-f6662893eb2c","grade":"S"}
{"ts":"2026-05-02T07:02:20.639Z","phase":"no-op","reason":"jobs-framing-not-active","sessionId":"f47eb771-462c-4156-854a-f6662893eb2c","grade":"B"}
{"ts":"2026-05-02T07:03:27.694Z","phase":"stale-state-skip","toolName":"Agent","stateSessionId":"9fc25629-854f-4c54-8ca7-aa7703aa5310","currentSessionId":"f47eb771-462c-4156-854a-f6662893eb2c"}
{"ts":"2026-05-02T07:14:33.608Z","phase":"jobs-framing-activated","sessionId":"f47eb771-462c-4156-854a-f6662893eb2c","grade":"B"}
{"ts":"2026-05-02T07:15:35.382Z","phase":"no-audit","toolName":"Agent"}
{"ts":"2026-05-02T07:23:55.425Z","phase":"classified","sessionId":"f47eb771-462c-4156-854a-f6662893eb2c","grade":"B","echoTriggerDetected":false,"intentReconfirmRequested":false,"matchedKeywords":[],"elapsedMs":12}
{"ts":"2026-05-02T07:25:18.751Z","phase":"classified","sessionId":"f47eb771-462c-4156-854a-f6662893eb2c","grade":"B","echoTriggerDetected":false,"intentReconfirmRequested":false,"matchedKeywords":[],"elapsedMs":13}
{"ts":"2026-05-02T07:25:48.391Z","phase":"classified","sessionId":"f47eb771-462c-4156-854a-f6662893eb2c","grade":"B","echoTriggerDetected":false,"intentReconfirmRequested":false,"matchedKeywords":[],"elapsedMs":11}
{"ts":"2026-05-02T07:26:05.058Z","phase":"classified","sessionId":"f47eb771-462c-4156-854a-f6662893eb2c","grade":"B","echoTriggerDetected":false,"intentReconfirmRequested":false,"matchedKeywords":[],"elapsedMs":9}
{"ts":"2026-05-02T07:27:12.236Z","phase":"classified","sessionId":"f47eb771-462c-4156-854a-f6662893eb2c","grade":"B","echoTriggerDetected":false,"intentReconfirmRequested":false,"matchedKeywords":[],"elapsedMs":11}
{"ts":"2026-05-02T07:28:08.083Z","phase":"classified","sessionId":"f47eb771-462c-4156-854a-f6662893eb2c","grade":"B","echoTriggerDetected":false,"intentReconfirmRequested":false,"matchedKeywords":[],"elapsedMs":10}
{"ts":"2026-05-02T07:28:27.497Z","phase":"classified","sessionId":"f47eb771-462c-4156-854a-f6662893eb2c","grade":"B","echoTriggerDetected":false,"intentReconfirmRequested":false,"matchedKeywords":[],"elapsedMs":10}
{"ts":"2026-05-02T07:29:37.837Z","phase":"classified","sessionId":"f47eb771-462c-4156-854a-f6662893eb2c","grade":"B","echoTriggerDetected":false,"intentReconfirmRequested":false,"matchedKeywords":[],"elapsedMs":10}
{"ts":"2026-05-02T07:31:39.340Z","phase":"classified","sessionId":"f47eb771-462c-4156-854a-f6662893eb2c","grade":"B","echoTriggerDetected":false,"intentReconfirmRequested":false,"matchedKeywords":[],"elapsedMs":9}
{"ts":"2026-05-02T07:32:35.573Z","phase":"classified","sessionId":"f47eb771-462c-4156-854a-f6662893eb2c","grade":"B","echoTriggerDetected":false,"intentReconfirmRequested":false,"matchedKeywords":[],"elapsedMs":11}
{"ts":"2026-05-02T07:33:28.965Z","phase":"classified","sessionId":"f47eb771-462c-4156-854a-f6662893eb2c","grade":"B","echoTriggerDetected":false,"intentReconfirmRequested":false,"matchedKeywords":[],"elapsedMs":18}
{"ts":"2026-05-02T07:35:12.830Z","phase":"classified","sessionId":"f47eb771-462c-4156-854a-f6662893eb2c","grade":"B","echoTriggerDetected":false,"intentReconfirmRequested":false,"matchedKeywords":[],"elapsedMs":9}
{"ts":"2026-05-02T07:38:26.312Z","phase":"classified","sessionId":"f47eb771-462c-4156-854a-f6662893eb2c","grade":"B","echoTriggerDetected":false,"intentReconfirmRequested":false,"matchedKeywords":[],"elapsedMs":12}
{"ts":"2026-05-02T07:39:56.026Z","phase":"classified","sessionId":"f47eb771-462c-4156-854a-f6662893eb2c","grade":"B","echoTriggerDetected":false,"intentReconfirmRequested":false,"matchedKeywords":[],"elapsedMs":13}
{"ts":"2026-05-02T07:40:32.980Z","phase":"classified","sessionId":"f47eb771-462c-4156-854a-f6662893eb2c","grade":"B","echoTriggerDetected":false,"intentReconfirmRequested":false,"matchedKeywords":[],"elapsedMs":11}
{"ts":"2026-05-02T07:45:54.849Z","phase":"classified","sessionId":"f47eb771-462c-4156-854a-f6662893eb2c","grade":"B","echoTriggerDetected":false,"intentReconfirmRequested":false,"matchedKeywords":[],"elapsedMs":10}
{"ts":"2026-05-02T07:49:55.201Z","phase":"classified","sessionId":"f47eb771-462c-4156-854a-f6662893eb2c","grade":"B","echoTriggerDetected":false,"intentReconfirmRequested":false,"matchedKeywords":[],"elapsedMs":9}
{"ts":"2026-05-02T07:53:18.108Z","phase":"classified","sessionId":"f47eb771-462c-4156-854a-f6662893eb2c","grade":"B","echoTriggerDetected":false,"intentReconfirmRequested":false,"matchedKeywords":[],"elapsedMs":10}
{"ts":"2026-05-02T07:54:02.406Z","phase":"classified","sessionId":"f47eb771-462c-4156-854a-f6662893eb2c","grade":"B","echoTriggerDetected":false,"intentReconfirmRequested":false,"matchedKeywords":[],"elapsedMs":10}
{"ts":"2026-05-02T07:55:37.076Z","phase":"classified","sessionId":"f47eb771-462c-4156-854a-f6662893eb2c","grade":"B","echoTriggerDetected":false,"intentReconfirmRequested":false,"matchedKeywords":[],"elapsedMs":10}
{"ts":"2026-05-02T07:57:00.473Z","phase":"classified","sessionId":"f47eb771-462c-4156-854a-f6662893eb2c","grade":"B","echoTriggerDetected":false,"intentReconfirmRequested":false,"matchedKeywords":[],"elapsedMs":10}
{"ts":"2026-05-02T07:57:55.873Z","phase":"no-audit","toolName":"Agent"}
{"ts":"2026-05-02T08:13:41.600Z","phase":"classified","sessionId":"f47eb771-462c-4156-854a-f6662893eb2c","grade":"B","echoTriggerDetected":false,"intentReconfirmRequested":false,"matchedKeywords":[],"elapsedMs":11}
{"ts":"2026-05-02T08:14:26.699Z","phase":"no-audit","toolName":"Agent"}
{"ts":"2026-05-02T08:17:03.143Z","phase":"classified","sessionId":"f47eb771-462c-4156-854a-f6662893eb2c","grade":"B","echoTriggerDetected":false,"intentReconfirmRequested":false,"matchedKeywords":[],"elapsedMs":12}
{"ts":"2026-05-02T08:18:17.269Z","phase":"no-audit","toolName":"Agent"}
{"ts":"2026-05-02T08:26:37.840Z","phase":"classified","sessionId":"f47eb771-462c-4156-854a-f6662893eb2c","grade":"B","echoTriggerDetected":false,"intentReconfirmRequested":false,"matchedKeywords":[],"elapsedMs":10}
{"ts":"2026-05-02T08:27:21.452Z","phase":"no-audit","toolName":"Agent"}
{"ts":"2026-05-02T08:33:03.586Z","phase":"classified","sessionId":"f47eb771-462c-4156-854a-f6662893eb2c","grade":"B","echoTriggerDetected":false,"intentReconfirmRequested":false,"matchedKeywords":[],"elapsedMs":11}
{"ts":"2026-05-02T08:33:53.629Z","phase":"classified","sessionId":"f47eb771-462c-4156-854a-f6662893eb2c","grade":"B","echoTriggerDetected":false,"intentReconfirmRequested":false,"matchedKeywords":[],"elapsedMs":10}
{"ts":"2026-05-02T08:34:59.627Z","phase":"no-audit","toolName":"Agent"}
{"ts":"2026-05-02T08:40:02.446Z","phase":"no-audit","toolName":"Agent"}
{"ts":"2026-05-02T08:45:15.911Z","phase":"classified","sessionId":"f47eb771-462c-4156-854a-f6662893eb2c","grade":"B","echoTriggerDetected":false,"intentReconfirmRequested":false,"matchedKeywords":[],"elapsedMs":10}
{"ts":"2026-05-02T08:49:16.264Z","phase":"no-op","reason":"jobs-framing-not-active","sessionId":"ee9b513c-780a-407c-b56d-dd1619eeff17","grade":"B"}
{"ts":"2026-05-02T08:52:00.449Z","phase":"no-op","reason":"jobs-framing-not-active","sessionId":"ee9b513c-780a-407c-b56d-dd1619eeff17","grade":"B"}
{"ts":"2026-05-02T08:55:41.292Z","phase":"no-op","reason":"grade-mismatch","grade":"D"}
{"ts":"2026-05-02T09:01:10.538Z","phase":"no-op","reason":"grade-mismatch","grade":"D"}
{"ts":"2026-05-02T09:06:23.123Z","phase":"no-op","reason":"grade-mismatch","grade":"D"}
{"ts":"2026-05-02T09:10:11.643Z","phase":"no-op","reason":"grade-mismatch","grade":"D"}
{"ts":"2026-05-02T09:12:12.540Z","phase":"no-op","reason":"grade-mismatch","grade":"D"}
{"ts":"2026-05-02T09:14:27.447Z","phase":"no-op","reason":"grade-mismatch","grade":"D"}
{"ts":"2026-05-02T09:20:27.239Z","phase":"no-op","reason":"grade-mismatch","grade":"D"}
{"ts":"2026-05-02T09:22:36.805Z","phase":"no-op","reason":"grade-mismatch","grade":"D"}
{"ts":"2026-05-02T09:30:35.508Z","phase":"no-op","reason":"grade-mismatch","grade":"D"}
{"ts":"2026-05-02T09:38:25.985Z","phase":"no-op","reason":"grade-mismatch","grade":"D"}
{"ts":"2026-05-02T09:50:30.997Z","phase":"no-op","reason":"grade-mismatch","grade":"D"}
{"ts":"2026-05-02T09:55:29.873Z","phase":"no-op","reason":"grade-mismatch","grade":"D"}
{"ts":"2026-05-02T09:56:53.359Z","phase":"no-op","reason":"grade-mismatch","grade":"D"}
{"ts":"2026-05-02T10:00:29.430Z","phase":"no-op","reason":"grade-mismatch","grade":"D"}
{"ts":"2026-05-02T10:02:57.707Z","phase":"no-op","reason":"grade-mismatch","grade":"D"}
{"ts":"2026-05-02T10:10:00.750Z","phase":"no-op","reason":"grade-mismatch","grade":"D"}
{"ts":"2026-05-02T10:17:35.832Z","phase":"no-op","reason":"jobs-framing-not-active","sessionId":"362d0a6b-1f54-4506-a971-467e6ae25baf","grade":"S"}
{"ts":"2026-05-02T10:18:05.281Z","phase":"stale-state-skip","toolName":"Agent","stateSessionId":"f47eb771-462c-4156-854a-f6662893eb2c","currentSessionId":"362d0a6b-1f54-4506-a971-467e6ae25baf"}
{"ts":"2026-05-02T10:53:11.480Z","phase":"no-op","reason":"jobs-framing-not-active","sessionId":"362d0a6b-1f54-4506-a971-467e6ae25baf","grade":"S"}
{"ts":"2026-05-02T10:53:42.887Z","phase":"stale-state-skip","toolName":"Agent","stateSessionId":"f47eb771-462c-4156-854a-f6662893eb2c","currentSessionId":"362d0a6b-1f54-4506-a971-467e6ae25baf"}
{"ts":"2026-05-02T11:26:58.310Z","phase":"no-op","reason":"jobs-framing-not-active","sessionId":"362d0a6b-1f54-4506-a971-467e6ae25baf","grade":"S"}
{"ts":"2026-05-02T11:27:21.246Z","phase":"stale-state-skip","toolName":"Agent","stateSessionId":"f47eb771-462c-4156-854a-f6662893eb2c","currentSessionId":"362d0a6b-1f54-4506-a971-467e6ae25baf"}
{"ts":"2026-05-02T11:31:48.248Z","phase":"no-op","reason":"jobs-framing-not-active","sessionId":"362d0a6b-1f54-4506-a971-467e6ae25baf","grade":"S"}
{"ts":"2026-05-02T11:32:19.441Z","phase":"stale-state-skip","toolName":"Agent","stateSessionId":"f47eb771-462c-4156-854a-f6662893eb2c","currentSessionId":"362d0a6b-1f54-4506-a971-467e6ae25baf"}
{"ts":"2026-05-02T11:36:41.986Z","phase":"no-op","reason":"jobs-framing-not-active","sessionId":"362d0a6b-1f54-4506-a971-467e6ae25baf","grade":"S"}
{"ts":"2026-05-02T11:37:20.390Z","phase":"stale-state-skip","toolName":"Agent","stateSessionId":"f47eb771-462c-4156-854a-f6662893eb2c","currentSessionId":"362d0a6b-1f54-4506-a971-467e6ae25baf"}
{"ts":"2026-05-02T11:43:31.917Z","phase":"no-op","reason":"jobs-framing-not-active","sessionId":"362d0a6b-1f54-4506-a971-467e6ae25baf","grade":"S"}
{"ts":"2026-05-02T11:46:25.186Z","phase":"no-op","reason":"jobs-framing-not-active","sessionId":"362d0a6b-1f54-4506-a971-467e6ae25baf","grade":"S"}
{"ts":"2026-05-02T11:49:10.894Z","phase":"no-op","reason":"jobs-framing-not-active","sessionId":"362d0a6b-1f54-4506-a971-467e6ae25baf","grade":"S"}
{"ts":"2026-05-02T11:49:46.920Z","phase":"stale-state-skip","toolName":"Agent","stateSessionId":"f47eb771-462c-4156-854a-f6662893eb2c","currentSessionId":"362d0a6b-1f54-4506-a971-467e6ae25baf"}
{"ts":"2026-05-02T11:55:03.418Z","phase":"no-op","reason":"jobs-framing-not-active","sessionId":"362d0a6b-1f54-4506-a971-467e6ae25baf","grade":"S"}
{"ts":"2026-05-02T11:58:29.245Z","phase":"no-op","reason":"jobs-framing-not-active","sessionId":"362d0a6b-1f54-4506-a971-467e6ae25baf","grade":"S"}
{"ts":"2026-05-02T12:01:54.011Z","phase":"no-op","reason":"jobs-framing-not-active","sessionId":"362d0a6b-1f54-4506-a971-467e6ae25baf","grade":"S"}
{"ts":"2026-05-02T12:02:48.540Z","phase":"stale-state-skip","toolName":"Agent","stateSessionId":"f47eb771-462c-4156-854a-f6662893eb2c","currentSessionId":"362d0a6b-1f54-4506-a971-467e6ae25baf"}
{"ts":"2026-05-02T12:10:42.260Z","phase":"stale-state-skip","toolName":"Agent","stateSessionId":"f47eb771-462c-4156-854a-f6662893eb2c","currentSessionId":"362d0a6b-1f54-4506-a971-467e6ae25baf"}
{"ts":"2026-05-02T12:17:20.145Z","phase":"no-op","reason":"jobs-framing-not-active","sessionId":"362d0a6b-1f54-4506-a971-467e6ae25baf","grade":"S"}
{"ts":"2026-05-02T12:21:20.274Z","phase":"no-op","reason":"jobs-framing-not-active","sessionId":"83b1709b-950b-46e3-9a7a-08d542dad019","grade":"S"}
{"ts":"2026-05-02T12:24:24.451Z","phase":"no-op","reason":"jobs-framing-not-active","sessionId":"83b1709b-950b-46e3-9a7a-08d542dad019","grade":"A"}
{"ts":"2026-05-02T12:25:32.973Z","phase":"no-op","reason":"jobs-framing-not-active","sessionId":"83b1709b-950b-46e3-9a7a-08d542dad019","grade":"A"}
{"ts":"2026-05-02T12:27:32.688Z","phase":"no-op","reason":"jobs-framing-not-active","sessionId":"83b1709b-950b-46e3-9a7a-08d542dad019","grade":"A"}
{"ts":"2026-05-02T12:28:24.706Z","phase":"no-op","reason":"jobs-framing-not-active","sessionId":"83b1709b-950b-46e3-9a7a-08d542dad019","grade":"A"}
{"ts":"2026-05-02T12:29:51.460Z","phase":"jobs-framing-activated","sessionId":"83b1709b-950b-46e3-9a7a-08d542dad019","grade":"A"}
{"ts":"2026-05-02T12:30:37.541Z","phase":"no-audit","toolName":"Agent"}
{"ts":"2026-05-02T12:35:29.380Z","phase":"classified","sessionId":"83b1709b-950b-46e3-9a7a-08d542dad019","grade":"A","echoTriggerDetected":false,"intentReconfirmRequested":false,"matchedKeywords":[],"elapsedMs":11}
{"ts":"2026-05-02T12:36:00.206Z","phase":"no-audit","toolName":"Agent"}
{"ts":"2026-05-02T12:37:56.083Z","phase":"classified","sessionId":"83b1709b-950b-46e3-9a7a-08d542dad019","grade":"A","echoTriggerDetected":false,"intentReconfirmRequested":false,"matchedKeywords":[],"elapsedMs":10}
{"ts":"2026-05-02T12:38:18.297Z","phase":"no-audit","toolName":"Agent"}
{"ts":"2026-05-02T12:38:57.809Z","phase":"classified","sessionId":"83b1709b-950b-46e3-9a7a-08d542dad019","grade":"A","echoTriggerDetected":false,"intentReconfirmRequested":false,"matchedKeywords":[],"elapsedMs":12}
{"ts":"2026-05-02T12:41:13.082Z","phase":"classified","sessionId":"83b1709b-950b-46e3-9a7a-08d542dad019","grade":"A","echoTriggerDetected":false,"intentReconfirmRequested":false,"matchedKeywords":[],"elapsedMs":10}
{"ts":"2026-05-02T12:43:01.328Z","phase":"classified","sessionId":"83b1709b-950b-46e3-9a7a-08d542dad019","grade":"A","echoTriggerDetected":false,"intentReconfirmRequested":false,"matchedKeywords":[],"elapsedMs":11}
{"ts":"2026-05-02T12:45:22.190Z","phase":"classified","sessionId":"83b1709b-950b-46e3-9a7a-08d542dad019","grade":"A","echoTriggerDetected":false,"intentReconfirmRequested":false,"matchedKeywords":[],"elapsedMs":10}
{"ts":"2026-05-02T12:46:51.229Z","phase":"classified","sessionId":"83b1709b-950b-46e3-9a7a-08d542dad019","grade":"A","echoTriggerDetected":false,"intentReconfirmRequested":false,"matchedKeywords":[],"elapsedMs":12}
{"ts":"2026-05-02T12:48:52.678Z","phase":"classified","sessionId":"83b1709b-950b-46e3-9a7a-08d542dad019","grade":"A","echoTriggerDetected":false,"intentReconfirmRequested":false,"matchedKeywords":[],"elapsedMs":10}
{"ts":"2026-05-02T12:53:54.681Z","phase":"classified","sessionId":"83b1709b-950b-46e3-9a7a-08d542dad019","grade":"A","echoTriggerDetected":false,"intentReconfirmRequested":false,"matchedKeywords":[],"elapsedMs":11}
{"ts":"2026-05-02T12:59:05.905Z","phase":"classified","sessionId":"83b1709b-950b-46e3-9a7a-08d542dad019","grade":"A","echoTriggerDetected":false,"intentReconfirmRequested":false,"matchedKeywords":[],"elapsedMs":20}
{"ts":"2026-05-02T13:00:35.376Z","phase":"no-audit","toolName":"Agent"}
{"ts":"2026-05-02T13:27:26.911Z","phase":"classified","sessionId":"83b1709b-950b-46e3-9a7a-08d542dad019","grade":"A","echoTriggerDetected":false,"intentReconfirmRequested":false,"matchedKeywords":[],"elapsedMs":9}
{"ts":"2026-05-02T13:29:46.726Z","phase":"classified","sessionId":"83b1709b-950b-46e3-9a7a-08d542dad019","grade":"A","echoTriggerDetected":false,"intentReconfirmRequested":false,"matchedKeywords":[],"elapsedMs":10}
{"ts":"2026-05-02T13:36:28.801Z","phase":"no-op","reason":"jobs-framing-not-active","sessionId":"e40067e6-8a98-4f3b-ae7d-7a90a4f43dff","grade":"A"}
{"ts":"2026-05-02T13:40:29.160Z","phase":"no-op","reason":"jobs-framing-not-active","sessionId":"e40067e6-8a98-4f3b-ae7d-7a90a4f43dff","grade":"A"}
{"ts":"2026-05-02T13:43:13.933Z","phase":"no-op","reason":"jobs-framing-not-active","sessionId":"e40067e6-8a98-4f3b-ae7d-7a90a4f43dff","grade":"A"}
{"ts":"2026-05-02T13:45:00.453Z","phase":"no-op","reason":"jobs-framing-not-active","sessionId":"e40067e6-8a98-4f3b-ae7d-7a90a4f43dff","grade":"A"}
{"ts":"2026-05-02T13:48:19.877Z","phase":"no-op","reason":"jobs-framing-not-active","sessionId":"e40067e6-8a98-4f3b-ae7d-7a90a4f43dff","grade":"A"}
{"ts":"2026-05-02T13:52:26.103Z","phase":"no-op","reason":"jobs-framing-not-active","sessionId":"e40067e6-8a98-4f3b-ae7d-7a90a4f43dff","grade":"A"}
{"ts":"2026-05-02T13:53:57.127Z","phase":"no-op","reason":"jobs-framing-not-active","sessionId":"e40067e6-8a98-4f3b-ae7d-7a90a4f43dff","grade":"A"}
{"ts":"2026-05-02T13:55:02.255Z","phase":"stale-state-skip","toolName":"Agent","stateSessionId":"83b1709b-950b-46e3-9a7a-08d542dad019","currentSessionId":"e40067e6-8a98-4f3b-ae7d-7a90a4f43dff"}
{"ts":"2026-05-02T13:58:30.004Z","phase":"no-op","reason":"jobs-framing-not-active","sessionId":"e40067e6-8a98-4f3b-ae7d-7a90a4f43dff","grade":"A"}
{"ts":"2026-05-02T13:59:35.499Z","phase":"stale-state-skip","toolName":"Agent","stateSessionId":"83b1709b-950b-46e3-9a7a-08d542dad019","currentSessionId":"e40067e6-8a98-4f3b-ae7d-7a90a4f43dff"}
{"ts":"2026-05-02T14:10:41.931Z","phase":"no-op","reason":"jobs-framing-not-active","sessionId":"e40067e6-8a98-4f3b-ae7d-7a90a4f43dff","grade":"A"}
{"ts":"2026-05-02T14:11:37.136Z","phase":"stale-state-skip","toolName":"Agent","stateSessionId":"83b1709b-950b-46e3-9a7a-08d542dad019","currentSessionId":"e40067e6-8a98-4f3b-ae7d-7a90a4f43dff"}
{"ts":"2026-05-02T14:16:22.264Z","phase":"no-op","reason":"jobs-framing-not-active","sessionId":"e40067e6-8a98-4f3b-ae7d-7a90a4f43dff","grade":"A"}
{"ts":"2026-05-02T14:17:27.510Z","phase":"stale-state-skip","toolName":"Agent","stateSessionId":"83b1709b-950b-46e3-9a7a-08d542dad019","currentSessionId":"e40067e6-8a98-4f3b-ae7d-7a90a4f43dff"}
{"ts":"2026-05-02T14:23:09.107Z","phase":"no-op","reason":"jobs-framing-not-active","sessionId":"e40067e6-8a98-4f3b-ae7d-7a90a4f43dff","grade":"A"}
{"ts":"2026-05-02T14:24:05.580Z","phase":"stale-state-skip","toolName":"Agent","stateSessionId":"83b1709b-950b-46e3-9a7a-08d542dad019","currentSessionId":"e40067e6-8a98-4f3b-ae7d-7a90a4f43dff"}
{"ts":"2026-05-02T14:29:02.671Z","phase":"no-op","reason":"jobs-framing-not-active","sessionId":"e40067e6-8a98-4f3b-ae7d-7a90a4f43dff","grade":"A"}
{"ts":"2026-05-02T14:30:38.866Z","phase":"no-op","reason":"jobs-framing-not-active","sessionId":"e40067e6-8a98-4f3b-ae7d-7a90a4f43dff","grade":"A"}
{"ts":"2026-05-02T14:31:40.749Z","phase":"stale-state-skip","toolName":"Agent","stateSessionId":"83b1709b-950b-46e3-9a7a-08d542dad019","currentSessionId":"e40067e6-8a98-4f3b-ae7d-7a90a4f43dff"}
{"ts":"2026-05-02T14:40:48.964Z","phase":"no-op","reason":"jobs-framing-not-active","sessionId":"e40067e6-8a98-4f3b-ae7d-7a90a4f43dff","grade":"A"}
{"ts":"2026-05-02T14:41:36.755Z","phase":"stale-state-skip","toolName":"Agent","stateSessionId":"83b1709b-950b-46e3-9a7a-08d542dad019","currentSessionId":"e40067e6-8a98-4f3b-ae7d-7a90a4f43dff"}
{"ts":"2026-05-02T14:45:36.649Z","phase":"no-op","reason":"jobs-framing-not-active","sessionId":"e40067e6-8a98-4f3b-ae7d-7a90a4f43dff","grade":"A"}
{"ts":"2026-05-02T14:49:30.132Z","phase":"no-op","reason":"jobs-framing-not-active","sessionId":"e40067e6-8a98-4f3b-ae7d-7a90a4f43dff","grade":"A"}
{"ts":"2026-05-02T14:51:15.311Z","phase":"stale-state-skip","toolName":"Agent","stateSessionId":"83b1709b-950b-46e3-9a7a-08d542dad019","currentSessionId":"e40067e6-8a98-4f3b-ae7d-7a90a4f43dff"}
{"ts":"2026-05-02T15:02:21.075Z","phase":"no-op","reason":"jobs-framing-not-active","sessionId":"e40067e6-8a98-4f3b-ae7d-7a90a4f43dff","grade":"A"}
{"ts":"2026-05-02T15:08:32.644Z","phase":"no-op","reason":"jobs-framing-not-active","sessionId":"e40067e6-8a98-4f3b-ae7d-7a90a4f43dff","grade":"A"}
{"ts":"2026-05-02T15:10:07.508Z","phase":"stale-state-skip","toolName":"Agent","stateSessionId":"83b1709b-950b-46e3-9a7a-08d542dad019","currentSessionId":"e40067e6-8a98-4f3b-ae7d-7a90a4f43dff"}
{"ts":"2026-05-02T15:17:13.292Z","phase":"no-op","reason":"jobs-framing-not-active","sessionId":"e40067e6-8a98-4f3b-ae7d-7a90a4f43dff","grade":"A"}
{"ts":"2026-05-02T15:19:10.789Z","phase":"no-op","reason":"jobs-framing-not-active","sessionId":"e40067e6-8a98-4f3b-ae7d-7a90a4f43dff","grade":"A"}
{"ts":"2026-05-02T15:35:59.225Z","phase":"no-op","reason":"jobs-framing-not-active","sessionId":"e40067e6-8a98-4f3b-ae7d-7a90a4f43dff","grade":"A"}
{"ts":"2026-05-02T15:36:48.364Z","phase":"stale-state-skip","toolName":"Agent","stateSessionId":"83b1709b-950b-46e3-9a7a-08d542dad019","currentSessionId":"e40067e6-8a98-4f3b-ae7d-7a90a4f43dff"}
{"ts":"2026-05-03T02:36:57.115Z","phase":"no-op","reason":"jobs-framing-not-active","sessionId":"e40067e6-8a98-4f3b-ae7d-7a90a4f43dff","grade":"A"}
{"ts":"2026-05-03T02:43:04.326Z","phase":"no-op","reason":"jobs-framing-not-active","sessionId":"e40067e6-8a98-4f3b-ae7d-7a90a4f43dff","grade":"A"}
{"ts":"2026-05-03T02:46:08.781Z","phase":"jobs-framing-activated","sessionId":"e40067e6-8a98-4f3b-ae7d-7a90a4f43dff","grade":"A"}
{"ts":"2026-05-03T02:47:31.912Z","phase":"no-audit","toolName":"Agent"}
{"ts":"2026-05-03T02:54:00.700Z","phase":"classified","sessionId":"e40067e6-8a98-4f3b-ae7d-7a90a4f43dff","grade":"A","echoTriggerDetected":false,"intentReconfirmRequested":false,"matchedKeywords":[],"elapsedMs":9}
{"ts":"2026-05-03T02:59:17.559Z","phase":"classified","sessionId":"e40067e6-8a98-4f3b-ae7d-7a90a4f43dff","grade":"A","echoTriggerDetected":false,"intentReconfirmRequested":false,"matchedKeywords":[],"elapsedMs":9}
{"ts":"2026-05-03T03:01:15.794Z","phase":"classified","sessionId":"e40067e6-8a98-4f3b-ae7d-7a90a4f43dff","grade":"A","echoTriggerDetected":false,"intentReconfirmRequested":false,"matchedKeywords":[],"elapsedMs":10}
{"ts":"2026-05-03T03:04:23.260Z","phase":"no-audit","toolName":"Agent"}
{"ts":"2026-05-03T03:07:14.889Z","phase":"classified","sessionId":"e40067e6-8a98-4f3b-ae7d-7a90a4f43dff","grade":"A","echoTriggerDetected":false,"intentReconfirmRequested":false,"matchedKeywords":[],"elapsedMs":14}
{"ts":"2026-05-03T03:11:46.285Z","phase":"classified","sessionId":"e40067e6-8a98-4f3b-ae7d-7a90a4f43dff","grade":"A","echoTriggerDetected":false,"intentReconfirmRequested":false,"matchedKeywords":[],"elapsedMs":12}
{"ts":"2026-05-03T03:15:32.032Z","phase":"classified","sessionId":"e40067e6-8a98-4f3b-ae7d-7a90a4f43dff","grade":"A","echoTriggerDetected":false,"intentReconfirmRequested":false,"matchedKeywords":[],"elapsedMs":10}
{"ts":"2026-05-03T03:28:08.877Z","phase":"classified","sessionId":"e40067e6-8a98-4f3b-ae7d-7a90a4f43dff","grade":"A","echoTriggerDetected":false,"intentReconfirmRequested":false,"matchedKeywords":[],"elapsedMs":11}
{"ts":"2026-05-03T03:34:25.166Z","phase":"classified","sessionId":"e40067e6-8a98-4f3b-ae7d-7a90a4f43dff","grade":"A","echoTriggerDetected":false,"intentReconfirmRequested":false,"matchedKeywords":[],"elapsedMs":11}
{"ts":"2026-05-03T03:37:12.939Z","phase":"classified","sessionId":"e40067e6-8a98-4f3b-ae7d-7a90a4f43dff","grade":"A","echoTriggerDetected":false,"intentReconfirmRequested":false,"matchedKeywords":[],"elapsedMs":11}
{"ts":"2026-05-03T03:39:40.248Z","phase":"classified","sessionId":"e40067e6-8a98-4f3b-ae7d-7a90a4f43dff","grade":"A","echoTriggerDetected":false,"intentReconfirmRequested":false,"matchedKeywords":[],"elapsedMs":10}
{"ts":"2026-05-03T03:42:56.707Z","phase":"classified","sessionId":"e40067e6-8a98-4f3b-ae7d-7a90a4f43dff","grade":"A","echoTriggerDetected":false,"intentReconfirmRequested":false,"matchedKeywords":[],"elapsedMs":9}
{"ts":"2026-05-03T03:46:54.069Z","phase":"classified","sessionId":"e40067e6-8a98-4f3b-ae7d-7a90a4f43dff","grade":"A","echoTriggerDetected":false,"intentReconfirmRequested":false,"matchedKeywords":[],"elapsedMs":11}
{"ts":"2026-05-03T04:52:59.583Z","phase":"no-op","reason":"jobs-framing-not-active","sessionId":"0e15ed4b-b935-4647-9a59-d180b430f0f9","grade":"A"}
{"ts":"2026-05-03T04:56:30.581Z","phase":"stale-state-skip","toolName":"Agent","stateSessionId":"e40067e6-8a98-4f3b-ae7d-7a90a4f43dff","currentSessionId":"0e15ed4b-b935-4647-9a59-d180b430f0f9"}
{"ts":"2026-05-03T05:13:31.434Z","phase":"no-op","reason":"grade-mismatch","grade":"C"}
{"ts":"2026-05-03T05:14:57.050Z","phase":"stale-state-skip","toolName":"Agent","stateSessionId":"e40067e6-8a98-4f3b-ae7d-7a90a4f43dff","currentSessionId":"0e15ed4b-b935-4647-9a59-d180b430f0f9"}
{"ts":"2026-05-03T05:17:56.775Z","phase":"no-op","reason":"grade-mismatch","grade":"C"}
{"ts":"2026-05-03T05:25:18.802Z","phase":"no-op","reason":"grade-mismatch","grade":"C"}
{"ts":"2026-05-03T05:28:26.704Z","phase":"no-op","reason":"grade-mismatch","grade":"C"}
{"ts":"2026-05-03T05:32:40.088Z","phase":"no-op","reason":"grade-mismatch","grade":"C"}
{"ts":"2026-05-03T05:37:26.306Z","phase":"no-op","reason":"grade-mismatch","grade":"C"}
{"ts":"2026-05-03T05:39:32.572Z","phase":"no-op","reason":"grade-mismatch","grade":"C"}
{"ts":"2026-05-03T05:44:09.680Z","phase":"no-op","reason":"grade-mismatch","grade":"C"}
{"ts":"2026-05-03T05:46:17.369Z","phase":"no-op","reason":"grade-mismatch","grade":"C"}
{"ts":"2026-05-03T05:55:03.889Z","phase":"no-op","reason":"grade-mismatch","grade":"C"}
{"ts":"2026-05-03T06:02:06.218Z","phase":"no-op","reason":"grade-mismatch","grade":"C"}
{"ts":"2026-05-03T06:07:06.017Z","phase":"no-op","reason":"grade-mismatch","grade":"C"}
{"ts":"2026-05-03T06:08:37.596Z","phase":"no-op","reason":"grade-mismatch","grade":"C"}
{"ts":"2026-05-03T06:12:12.568Z","phase":"no-op","reason":"grade-mismatch","grade":"C"}
{"ts":"2026-05-03T06:20:06.448Z","phase":"no-op","reason":"grade-mismatch","grade":"C"}
{"ts":"2026-05-03T06:22:56.189Z","phase":"no-op","reason":"grade-mismatch","grade":"C"}
{"ts":"2026-05-03T06:36:25.605Z","phase":"no-op","reason":"grade-mismatch","grade":"C"}
{"ts":"2026-05-03T06:38:38.440Z","phase":"no-op","reason":"grade-mismatch","grade":"C"}
{"ts":"2026-05-03T06:40:37.133Z","phase":"no-op","reason":"grade-mismatch","grade":"C"}
{"ts":"2026-05-03T06:45:13.843Z","phase":"no-op","reason":"grade-mismatch","grade":"C"}
{"ts":"2026-05-03T06:50:41.698Z","phase":"no-op","reason":"grade-mismatch","grade":"C"}
{"ts":"2026-05-03T06:53:18.796Z","phase":"no-op","reason":"grade-mismatch","grade":"C"}
{"ts":"2026-05-03T06:55:33.842Z","phase":"no-op","reason":"grade-mismatch","grade":"C"}
{"ts":"2026-05-03T06:57:01.649Z","phase":"no-op","reason":"grade-mismatch","grade":"C"}
{"ts":"2026-05-03T06:57:59.064Z","phase":"no-op","reason":"grade-mismatch","grade":"C"}
{"ts":"2026-05-03T07:01:21.649Z","phase":"no-op","reason":"grade-mismatch","grade":"C"}
{"ts":"2026-05-03T07:01:44.058Z","phase":"no-op","reason":"grade-mismatch","grade":"C"}
{"ts":"2026-05-03T07:04:15.162Z","phase":"no-op","reason":"grade-mismatch","grade":"C"}
{"ts":"2026-05-03T07:07:31.962Z","phase":"no-op","reason":"grade-mismatch","grade":"C"}
{"ts":"2026-05-03T07:11:19.309Z","phase":"no-op","reason":"grade-mismatch","grade":"C"}
{"ts":"2026-05-03T07:15:08.948Z","phase":"no-op","reason":"grade-mismatch","grade":"C"}
{"ts":"2026-05-03T07:18:55.776Z","phase":"no-op","reason":"grade-mismatch","grade":"C"}
{"ts":"2026-05-03T07:23:01.617Z","phase":"no-op","reason":"grade-mismatch","grade":"C"}
{"ts":"2026-05-03T07:24:05.114Z","phase":"no-op","reason":"grade-mismatch","grade":"C"}
{"ts":"2026-05-03T07:24:34.612Z","phase":"no-op","reason":"grade-mismatch","grade":"C"}
{"ts":"2026-05-03T07:27:09.567Z","phase":"no-op","reason":"grade-mismatch","grade":"C"}
{"ts":"2026-05-03T07:35:26.771Z","phase":"no-op","reason":"grade-mismatch","grade":"C"}
{"ts":"2026-05-03T07:36:11.533Z","phase":"no-op","reason":"grade-mismatch","grade":"C"}
{"ts":"2026-05-03T07:37:07.688Z","phase":"no-op","reason":"grade-mismatch","grade":"C"}
{"ts":"2026-05-03T07:41:50.258Z","phase":"no-op","reason":"grade-mismatch","grade":"C"}
{"ts":"2026-05-03T07:46:09.127Z","phase":"no-op","reason":"grade-mismatch","grade":"C"}
{"ts":"2026-05-03T07:50:35.351Z","phase":"no-op","reason":"grade-mismatch","grade":"C"}
{"ts":"2026-05-03T07:52:59.223Z","phase":"no-op","reason":"grade-mismatch","grade":"C"}
{"ts":"2026-05-03T07:54:27.592Z","phase":"no-op","reason":"grade-mismatch","grade":"C"}
{"ts":"2026-05-03T07:56:54.455Z","phase":"no-op","reason":"grade-mismatch","grade":"C"}
{"ts":"2026-05-03T08:01:44.396Z","phase":"no-op","reason":"grade-mismatch","grade":"C"}
{"ts":"2026-05-03T08:03:36.923Z","phase":"no-op","reason":"grade-mismatch","grade":"C"}
{"ts":"2026-05-03T08:06:58.133Z","phase":"no-op","reason":"grade-mismatch","grade":"C"}
{"ts":"2026-05-03T08:16:28.903Z","phase":"no-op","reason":"grade-mismatch","grade":"C"}
{"ts":"2026-05-03T08:20:30.333Z","phase":"no-op","reason":"grade-mismatch","grade":"C"}
{"ts":"2026-05-03T08:24:31.433Z","phase":"no-op","reason":"grade-mismatch","grade":"C"}
{"ts":"2026-05-03T08:27:04.967Z","phase":"no-op","reason":"grade-mismatch","grade":"C"}
{"ts":"2026-05-03T08:39:27.210Z","phase":"no-op","reason":"grade-mismatch","grade":"C"}
{"ts":"2026-05-03T08:41:12.508Z","phase":"no-op","reason":"grade-mismatch","grade":"C"}
{"ts":"2026-05-03T08:49:57.003Z","phase":"no-op","reason":"grade-mismatch","grade":"C"}
{"ts":"2026-05-03T08:53:16.078Z","phase":"no-op","reason":"grade-mismatch","grade":"C"}
{"ts":"2026-05-03T08:56:56.735Z","phase":"no-op","reason":"grade-mismatch","grade":"C"}
{"ts":"2026-05-03T08:59:07.556Z","phase":"no-op","reason":"grade-mismatch","grade":"C"}
{"ts":"2026-05-03T09:02:08.519Z","phase":"no-op","reason":"grade-mismatch","grade":"C"}
{"ts":"2026-05-03T09:04:29.180Z","phase":"no-op","reason":"grade-mismatch","grade":"C"}
{"ts":"2026-05-03T09:10:05.858Z","phase":"no-op","reason":"grade-mismatch","grade":"C"}
{"ts":"2026-05-03T09:10:45.089Z","phase":"no-op","reason":"grade-mismatch","grade":"C"}
{"ts":"2026-05-03T09:13:39.064Z","phase":"no-op","reason":"grade-mismatch","grade":"C"}
{"ts":"2026-05-03T09:16:40.232Z","phase":"no-op","reason":"grade-mismatch","grade":"C"}
{"ts":"2026-05-03T09:24:07.188Z","phase":"no-op","reason":"grade-mismatch","grade":"C"}
{"ts":"2026-05-03T09:31:20.077Z","phase":"no-op","reason":"grade-mismatch","grade":"C"}
{"ts":"2026-05-03T09:37:28.439Z","phase":"no-op","reason":"grade-mismatch","grade":"C"}
{"ts":"2026-05-03T09:41:45.016Z","phase":"no-op","reason":"grade-mismatch","grade":"C"}
{"ts":"2026-05-03T09:42:40.636Z","phase":"no-op","reason":"grade-mismatch","grade":"C"}
{"ts":"2026-05-03T09:54:13.867Z","phase":"no-op","reason":"grade-mismatch","grade":"C"}
{"ts":"2026-05-03T09:54:42.536Z","phase":"no-op","reason":"grade-mismatch","grade":"C"}
{"ts":"2026-05-03T09:56:11.356Z","phase":"no-op","reason":"grade-mismatch","grade":"C"}
{"ts":"2026-05-03T09:57:16.243Z","phase":"no-op","reason":"grade-mismatch","grade":"C"}
{"ts":"2026-05-03T10:01:14.290Z","phase":"no-op","reason":"grade-mismatch","grade":"C"}
{"ts":"2026-05-03T10:04:59.545Z","phase":"no-op","reason":"grade-mismatch","grade":"C"}
{"ts":"2026-05-03T10:07:17.084Z","phase":"no-op","reason":"grade-mismatch","grade":"C"}
{"ts":"2026-05-03T10:08:20.694Z","phase":"no-op","reason":"grade-mismatch","grade":"C"}
{"ts":"2026-05-03T10:09:05.188Z","phase":"no-op","reason":"grade-mismatch","grade":"C"}
{"ts":"2026-05-03T10:10:17.865Z","phase":"no-op","reason":"grade-mismatch","grade":"C"}
{"ts":"2026-05-03T10:12:41.424Z","phase":"no-op","reason":"grade-mismatch","grade":"C"}
{"ts":"2026-05-03T10:14:03.588Z","phase":"no-op","reason":"grade-mismatch","grade":"C"}
{"ts":"2026-05-03T10:14:59.596Z","phase":"no-op","reason":"grade-mismatch","grade":"C"}
{"ts":"2026-05-03T10:16:13.586Z","phase":"no-op","reason":"grade-mismatch","grade":"C"}
{"ts":"2026-05-03T10:18:36.009Z","phase":"no-op","reason":"grade-mismatch","grade":"C"}
{"ts":"2026-05-03T10:19:11.188Z","phase":"no-op","reason":"grade-mismatch","grade":"C"}
{"ts":"2026-05-03T10:22:10.997Z","phase":"no-op","reason":"grade-mismatch","grade":"C"}
{"ts":"2026-05-03T10:24:38.192Z","phase":"no-op","reason":"grade-mismatch","grade":"C"}
{"ts":"2026-05-03T10:26:20.037Z","phase":"no-op","reason":"grade-mismatch","grade":"C"}
{"ts":"2026-05-03T10:28:33.384Z","phase":"no-op","reason":"grade-mismatch","grade":"C"}
{"ts":"2026-05-03T10:30:36.487Z","phase":"no-op","reason":"grade-mismatch","grade":"C"}
{"ts":"2026-05-03T10:32:18.416Z","phase":"no-op","reason":"grade-mismatch","grade":"C"}
{"ts":"2026-05-03T10:33:50.781Z","phase":"no-op","reason":"grade-mismatch","grade":"C"}
{"ts":"2026-05-03T10:36:05.927Z","phase":"no-op","reason":"grade-mismatch","grade":"C"}
{"ts":"2026-05-03T10:38:02.342Z","phase":"no-op","reason":"grade-mismatch","grade":"C"}
{"ts":"2026-05-03T10:40:33.399Z","phase":"no-op","reason":"grade-mismatch","grade":"C"}
{"ts":"2026-05-03T10:42:22.205Z","phase":"no-op","reason":"grade-mismatch","grade":"C"}
{"ts":"2026-05-03T10:46:31.844Z","phase":"no-op","reason":"grade-mismatch","grade":"C"}
{"ts":"2026-05-03T10:48:57.851Z","phase":"no-op","reason":"grade-mismatch","grade":"C"}
{"ts":"2026-05-03T10:51:57.380Z","phase":"no-op","reason":"grade-mismatch","grade":"C"}
{"ts":"2026-05-03T10:57:18.800Z","phase":"no-op","reason":"grade-mismatch","grade":"C"}
{"ts":"2026-05-03T11:00:16.323Z","phase":"no-op","reason":"grade-mismatch","grade":"C"}
{"ts":"2026-05-03T11:01:41.000Z","phase":"no-op","reason":"grade-mismatch","grade":"C"}
{"ts":"2026-05-03T11:04:43.618Z","phase":"no-op","reason":"grade-mismatch","grade":"C"}
{"ts":"2026-05-03T11:08:11.885Z","phase":"no-op","reason":"grade-mismatch","grade":"C"}
{"ts":"2026-05-03T11:10:36.195Z","phase":"no-op","reason":"grade-mismatch","grade":"C"}
{"ts":"2026-05-03T11:12:12.611Z","phase":"no-op","reason":"grade-mismatch","grade":"C"}
{"ts":"2026-05-03T11:14:21.203Z","phase":"no-op","reason":"grade-mismatch","grade":"C"}
{"ts":"2026-05-03T11:16:48.229Z","phase":"no-op","reason":"grade-mismatch","grade":"C"}
{"ts":"2026-05-03T13:19:02.459Z","phase":"no-op","reason":"grade-mismatch","grade":"C"}
{"ts":"2026-05-03T13:22:02.833Z","phase":"no-op","reason":"grade-mismatch","grade":"C"}
{"ts":"2026-05-03T13:24:36.779Z","phase":"no-op","reason":"grade-mismatch","grade":"C"}
{"ts":"2026-05-03T13:26:51.285Z","phase":"no-op","reason":"grade-mismatch","grade":"C"}
{"ts":"2026-05-03T13:27:40.156Z","phase":"no-op","reason":"grade-mismatch","grade":"C"}
{"ts":"2026-05-03T13:28:39.637Z","phase":"no-op","reason":"grade-mismatch","grade":"C"}
{"ts":"2026-05-03T13:30:05.439Z","phase":"no-op","reason":"grade-mismatch","grade":"C"}
{"ts":"2026-05-03T13:32:04.965Z","phase":"no-op","reason":"grade-mismatch","grade":"C"}
{"ts":"2026-05-03T13:33:04.830Z","phase":"stale-state-skip","toolName":"Agent","stateSessionId":"e40067e6-8a98-4f3b-ae7d-7a90a4f43dff","currentSessionId":"94d58746-f89d-4bc9-950a-8676a482a30d"}
{"ts":"2026-05-03T13:36:47.865Z","phase":"no-op","reason":"jobs-framing-not-active","sessionId":"94d58746-f89d-4bc9-950a-8676a482a30d","grade":"B"}
{"ts":"2026-05-03T13:39:39.474Z","phase":"jobs-framing-activated","sessionId":"94d58746-f89d-4bc9-950a-8676a482a30d","grade":"B"}
{"ts":"2026-05-03T13:40:03.540Z","phase":"no-audit","toolName":"Agent"}
{"ts":"2026-05-03T13:41:58.792Z","phase":"classified","sessionId":"94d58746-f89d-4bc9-950a-8676a482a30d","grade":"B","echoTriggerDetected":false,"intentReconfirmRequested":false,"matchedKeywords":[],"elapsedMs":10}
{"ts":"2026-05-03T13:42:54.570Z","phase":"no-audit","toolName":"Agent"}
{"ts":"2026-05-03T13:46:00.359Z","phase":"classified","sessionId":"94d58746-f89d-4bc9-950a-8676a482a30d","grade":"B","echoTriggerDetected":false,"intentReconfirmRequested":false,"matchedKeywords":[],"elapsedMs":9}
{"ts":"2026-05-03T13:46:33.261Z","phase":"no-audit","toolName":"Agent"}
{"ts":"2026-05-03T13:56:10.712Z","phase":"no-op","reason":"jobs-framing-not-active","sessionId":"21f17a4a-16f9-4d7a-ba1d-8af4e3be082c","grade":"B"}
{"ts":"2026-05-03T13:58:19.421Z","phase":"no-op","reason":"jobs-framing-not-active","sessionId":"21f17a4a-16f9-4d7a-ba1d-8af4e3be082c","grade":"B"}
{"ts":"2026-05-03T13:58:56.630Z","phase":"stale-state-skip","toolName":"Agent","stateSessionId":"94d58746-f89d-4bc9-950a-8676a482a30d","currentSessionId":"21f17a4a-16f9-4d7a-ba1d-8af4e3be082c"}
{"ts":"2026-05-03T14:11:42.113Z","phase":"stale-state-skip","toolName":"Agent","stateSessionId":"94d58746-f89d-4bc9-950a-8676a482a30d","currentSessionId":"21f17a4a-16f9-4d7a-ba1d-8af4e3be082c"}
{"ts":"2026-05-03T14:15:41.940Z","phase":"stale-state-skip","toolName":"Agent","stateSessionId":"94d58746-f89d-4bc9-950a-8676a482a30d","currentSessionId":"21f17a4a-16f9-4d7a-ba1d-8af4e3be082c"}
{"ts":"2026-05-03T14:17:33.393Z","phase":"stale-state-skip","toolName":"Agent","stateSessionId":"94d58746-f89d-4bc9-950a-8676a482a30d","currentSessionId":"21f17a4a-16f9-4d7a-ba1d-8af4e3be082c"}
{"ts":"2026-05-03T14:49:31.173Z","phase":"no-op","reason":"jobs-framing-not-active","sessionId":"21f17a4a-16f9-4d7a-ba1d-8af4e3be082c","grade":"B"}
{"ts":"2026-05-03T22:44:01.514Z","phase":"no-op","reason":"jobs-framing-not-active","sessionId":"21f17a4a-16f9-4d7a-ba1d-8af4e3be082c","grade":"B"}
{"ts":"2026-05-03T22:46:04.789Z","phase":"no-op","reason":"jobs-framing-not-active","sessionId":"21f17a4a-16f9-4d7a-ba1d-8af4e3be082c","grade":"B"}
{"ts":"2026-05-03T22:46:50.601Z","phase":"no-op","reason":"jobs-framing-not-active","sessionId":"21f17a4a-16f9-4d7a-ba1d-8af4e3be082c","grade":"B"}
{"ts":"2026-05-03T22:47:16.374Z","phase":"no-op","reason":"jobs-framing-not-active","sessionId":"21f17a4a-16f9-4d7a-ba1d-8af4e3be082c","grade":"B"}
{"ts":"2026-05-03T22:48:32.781Z","phase":"no-op","reason":"jobs-framing-not-active","sessionId":"21f17a4a-16f9-4d7a-ba1d-8af4e3be082c","grade":"B"}
{"ts":"2026-05-03T22:51:31.017Z","phase":"no-op","reason":"jobs-framing-not-active","sessionId":"21f17a4a-16f9-4d7a-ba1d-8af4e3be082c","grade":"B"}
{"ts":"2026-05-03T23:00:22.622Z","phase":"no-op","reason":"jobs-framing-not-active","sessionId":"21f17a4a-16f9-4d7a-ba1d-8af4e3be082c","grade":"B"}
{"ts":"2026-05-03T23:00:46.211Z","phase":"no-op","reason":"jobs-framing-not-active","sessionId":"21f17a4a-16f9-4d7a-ba1d-8af4e3be082c","grade":"B"}
{"ts":"2026-05-03T23:05:36.576Z","phase":"no-op","reason":"jobs-framing-not-active","sessionId":"21f17a4a-16f9-4d7a-ba1d-8af4e3be082c","grade":"B"}
{"ts":"2026-05-03T23:06:34.479Z","phase":"no-op","reason":"jobs-framing-not-active","sessionId":"21f17a4a-16f9-4d7a-ba1d-8af4e3be082c","grade":"B"}
{"ts":"2026-05-03T23:11:07.136Z","phase":"no-op","reason":"jobs-framing-not-active","sessionId":"21f17a4a-16f9-4d7a-ba1d-8af4e3be082c","grade":"B"}
{"ts":"2026-05-03T23:16:17.831Z","phase":"no-op","reason":"jobs-framing-not-active","sessionId":"21f17a4a-16f9-4d7a-ba1d-8af4e3be082c","grade":"B"}
{"ts":"2026-05-03T23:16:37.740Z","phase":"no-op","reason":"jobs-framing-not-active","sessionId":"session_179","grade":"B"}
{"ts":"2026-05-03T23:17:44.017Z","phase":"no-op","reason":"jobs-framing-not-active","sessionId":"21f17a4a-16f9-4d7a-ba1d-8af4e3be082c","grade":"B"}
{"ts":"2026-05-03T23:18:49.066Z","phase":"no-op","reason":"jobs-framing-not-active","sessionId":"21f17a4a-16f9-4d7a-ba1d-8af4e3be082c","grade":"B"}
{"ts":"2026-05-03T23:21:35.848Z","phase":"no-op","reason":"jobs-framing-not-active","sessionId":"be79c106-c759-47cd-a933-b27c42a6a4c4","grade":"B"}
{"ts":"2026-05-03T23:23:09.598Z","phase":"stale-state-skip","toolName":"Agent","stateSessionId":"94d58746-f89d-4bc9-950a-8676a482a30d","currentSessionId":"be79c106-c759-47cd-a933-b27c42a6a4c4"}
{"ts":"2026-05-03T23:25:06.117Z","phase":"stale-state-skip","toolName":"Agent","stateSessionId":"94d58746-f89d-4bc9-950a-8676a482a30d","currentSessionId":"be79c106-c759-47cd-a933-b27c42a6a4c4"}
{"ts":"2026-05-03T23:27:12.315Z","phase":"no-op","reason":"grade-mismatch","grade":"C"}
{"ts":"2026-05-03T23:27:42.561Z","phase":"no-op","reason":"grade-mismatch","grade":"C"}
{"ts":"2026-05-03T23:40:08.521Z","phase":"no-op","reason":"grade-mismatch","grade":"C"}
{"ts":"2026-05-03T23:40:37.012Z","phase":"no-op","reason":"grade-mismatch","grade":"C"}
{"ts":"2026-05-04T00:49:12.175Z","phase":"no-op","reason":"grade-mismatch","grade":"C"}
{"ts":"2026-05-04T00:50:43.297Z","phase":"stale-state-skip","toolName":"Agent","stateSessionId":"94d58746-f89d-4bc9-950a-8676a482a30d","currentSessionId":"59d54e15-141d-4cb3-af9e-23432095757f"}
{"ts":"2026-05-04T00:55:51.931Z","phase":"no-op","reason":"jobs-framing-not-active","sessionId":"59d54e15-141d-4cb3-af9e-23432095757f","grade":"B"}
{"ts":"2026-05-04T00:58:14.679Z","phase":"no-op","reason":"jobs-framing-not-active","sessionId":"59d54e15-141d-4cb3-af9e-23432095757f","grade":"B"}
{"ts":"2026-05-04T00:58:57.434Z","phase":"no-op","reason":"jobs-framing-not-active","sessionId":"59d54e15-141d-4cb3-af9e-23432095757f","grade":"B"}
{"ts":"2026-05-04T00:59:46.349Z","phase":"no-op","reason":"jobs-framing-not-active","sessionId":"59d54e15-141d-4cb3-af9e-23432095757f","grade":"B"}
{"ts":"2026-05-04T01:01:47.641Z","phase":"no-op","reason":"jobs-framing-not-active","sessionId":"59d54e15-141d-4cb3-af9e-23432095757f","grade":"B"}
{"ts":"2026-05-04T01:02:43.683Z","phase":"no-op","reason":"jobs-framing-not-active","sessionId":"59d54e15-141d-4cb3-af9e-23432095757f","grade":"B"}
{"ts":"2026-05-04T01:05:21.139Z","phase":"no-op","reason":"jobs-framing-not-active","sessionId":"59d54e15-141d-4cb3-af9e-23432095757f","grade":"B"}
{"ts":"2026-05-04T01:07:00.247Z","phase":"no-op","reason":"jobs-framing-not-active","sessionId":"59d54e15-141d-4cb3-af9e-23432095757f","grade":"B"}
{"ts":"2026-05-04T01:08:43.513Z","phase":"no-op","reason":"jobs-framing-not-active","sessionId":"59d54e15-141d-4cb3-af9e-23432095757f","grade":"B"}
{"ts":"2026-05-04T01:10:43.464Z","phase":"no-op","reason":"jobs-framing-not-active","sessionId":"59d54e15-141d-4cb3-af9e-23432095757f","grade":"B"}
{"ts":"2026-05-04T01:12:29.652Z","phase":"no-op","reason":"jobs-framing-not-active","sessionId":"59d54e15-141d-4cb3-af9e-23432095757f","grade":"B"}
{"ts":"2026-05-04T01:14:24.828Z","phase":"no-op","reason":"jobs-framing-not-active","sessionId":"59d54e15-141d-4cb3-af9e-23432095757f","grade":"B"}
{"ts":"2026-05-04T01:16:41.326Z","phase":"jobs-framing-activated","sessionId":"59d54e15-141d-4cb3-af9e-23432095757f","grade":"B"}
{"ts":"2026-05-04T01:17:01.479Z","phase":"no-audit","toolName":"Agent"}
{"ts":"2026-05-04T01:18:37.090Z","phase":"classified","sessionId":"59d54e15-141d-4cb3-af9e-23432095757f","grade":"B","echoTriggerDetected":false,"intentReconfirmRequested":false,"matchedKeywords":[],"elapsedMs":7}
{"ts":"2026-05-04T01:19:05.176Z","phase":"no-audit","toolName":"Agent"}
{"ts":"2026-05-04T01:24:47.596Z","phase":"no-audit","toolName":"Agent"}
{"ts":"2026-05-04T01:30:51.321Z","phase":"classified","sessionId":"59d54e15-141d-4cb3-af9e-23432095757f","grade":"B","echoTriggerDetected":false,"intentReconfirmRequested":false,"matchedKeywords":[],"elapsedMs":8}
{"ts":"2026-05-04T01:32:16.234Z","phase":"classified","sessionId":"59d54e15-141d-4cb3-af9e-23432095757f","grade":"B","echoTriggerDetected":false,"intentReconfirmRequested":false,"matchedKeywords":[],"elapsedMs":42}
{"ts":"2026-05-04T01:34:12.516Z","phase":"classified","sessionId":"59d54e15-141d-4cb3-af9e-23432095757f","grade":"B","echoTriggerDetected":false,"intentReconfirmRequested":false,"matchedKeywords":[],"elapsedMs":7}
{"ts":"2026-05-04T01:34:33.018Z","phase":"no-audit","toolName":"Agent"}
{"ts":"2026-05-04T01:42:07.570Z","phase":"classified","sessionId":"59d54e15-141d-4cb3-af9e-23432095757f","grade":"B","echoTriggerDetected":true,"intentReconfirmRequested":true,"matchedKeywords":["OK","ok","다음"],"elapsedMs":9}
{"ts":"2026-05-04T01:42:07.570Z","phase":"audit-emit","source":"UserPromptSubmit","echoTriggerDetected":true,"intentReconfirmRequested":true,"matchedKeywords":["OK","ok","다음"]}
{"ts":"2026-05-04T01:42:47.484Z","phase":"audit-emit","toolName":"Agent","echoTriggerDetected":true,"intentReconfirmRequested":true,"matchedKeywords":["OK","ok","다음"]}
{"ts":"2026-05-04T01:58:08.398Z","phase":"classified","sessionId":"59d54e15-141d-4cb3-af9e-23432095757f","grade":"B","echoTriggerDetected":false,"intentReconfirmRequested":false,"matchedKeywords":[],"elapsedMs":9}
{"ts":"2026-05-04T02:00:18.529Z","phase":"classified","sessionId":"59d54e15-141d-4cb3-af9e-23432095757f","grade":"B","echoTriggerDetected":false,"intentReconfirmRequested":false,"matchedKeywords":[],"elapsedMs":8}
{"ts":"2026-05-04T02:02:53.825Z","phase":"classified","sessionId":"59d54e15-141d-4cb3-af9e-23432095757f","grade":"B","echoTriggerDetected":false,"intentReconfirmRequested":false,"matchedKeywords":[],"elapsedMs":7}
{"ts":"2026-05-04T02:30:43.529Z","phase":"classified","sessionId":"59d54e15-141d-4cb3-af9e-23432095757f","grade":"B","echoTriggerDetected":false,"intentReconfirmRequested":false,"matchedKeywords":[],"elapsedMs":7}
{"ts":"2026-05-04T02:32:02.235Z","phase":"classified","sessionId":"59d54e15-141d-4cb3-af9e-23432095757f","grade":"B","echoTriggerDetected":false,"intentReconfirmRequested":false,"matchedKeywords":[],"elapsedMs":7}
{"ts":"2026-05-04T02:55:05.586Z","phase":"no-op","reason":"jobs-framing-not-active","sessionId":"fe89a9b4-6922-431b-9f10-d9e9ecec54ee","grade":"B"}
{"ts":"2026-05-04T02:58:01.767Z","phase":"no-op","reason":"jobs-framing-not-active","sessionId":"fe89a9b4-6922-431b-9f10-d9e9ecec54ee","grade":"B"}
{"ts":"2026-05-04T03:00:37.205Z","phase":"no-op","reason":"jobs-framing-not-active","sessionId":"fe89a9b4-6922-431b-9f10-d9e9ecec54ee","grade":"B"}
{"ts":"2026-05-04T03:01:16.723Z","phase":"stale-state-skip","toolName":"Agent","stateSessionId":"59d54e15-141d-4cb3-af9e-23432095757f","currentSessionId":"fe89a9b4-6922-431b-9f10-d9e9ecec54ee"}
{"ts":"2026-05-04T03:04:36.946Z","phase":"stale-state-skip","toolName":"Agent","stateSessionId":"59d54e15-141d-4cb3-af9e-23432095757f","currentSessionId":"fe89a9b4-6922-431b-9f10-d9e9ecec54ee"}
{"ts":"2026-05-04T03:10:10.219Z","phase":"no-op","reason":"jobs-framing-not-active","sessionId":"fe89a9b4-6922-431b-9f10-d9e9ecec54ee","grade":"B"}
{"ts":"2026-05-04T03:12:21.455Z","phase":"no-op","reason":"jobs-framing-not-active","sessionId":"fe89a9b4-6922-431b-9f10-d9e9ecec54ee","grade":"B"}
{"ts":"2026-05-04T03:12:42.266Z","phase":"stale-state-skip","toolName":"Agent","stateSessionId":"59d54e15-141d-4cb3-af9e-23432095757f","currentSessionId":"fe89a9b4-6922-431b-9f10-d9e9ecec54ee"}
{"ts":"2026-05-04T03:17:11.980Z","phase":"no-op","reason":"jobs-framing-not-active","sessionId":"fe89a9b4-6922-431b-9f10-d9e9ecec54ee","grade":"B"}
{"ts":"2026-05-04T03:22:01.189Z","phase":"no-op","reason":"jobs-framing-not-active","sessionId":"fe89a9b4-6922-431b-9f10-d9e9ecec54ee","grade":"B"}
{"ts":"2026-05-04T03:22:18.010Z","phase":"stale-state-skip","toolName":"Agent","stateSessionId":"59d54e15-141d-4cb3-af9e-23432095757f","currentSessionId":"fe89a9b4-6922-431b-9f10-d9e9ecec54ee"}
{"ts":"2026-05-04T03:25:09.632Z","phase":"no-op","reason":"jobs-framing-not-active","sessionId":"fe89a9b4-6922-431b-9f10-d9e9ecec54ee","grade":"B"}
{"ts":"2026-05-04T03:25:32.722Z","phase":"stale-state-skip","toolName":"Agent","stateSessionId":"59d54e15-141d-4cb3-af9e-23432095757f","currentSessionId":"fe89a9b4-6922-431b-9f10-d9e9ecec54ee"}
{"ts":"2026-05-04T03:25:41.813Z","phase":"stale-state-skip","toolName":"Agent","stateSessionId":"59d54e15-141d-4cb3-af9e-23432095757f","currentSessionId":"fe89a9b4-6922-431b-9f10-d9e9ecec54ee"}
{"ts":"2026-05-04T03:34:03.555Z","phase":"no-op","reason":"jobs-framing-not-active","sessionId":"fe89a9b4-6922-431b-9f10-d9e9ecec54ee","grade":"B"}
{"ts":"2026-05-04T03:36:31.243Z","phase":"no-op","reason":"jobs-framing-not-active","sessionId":"fe89a9b4-6922-431b-9f10-d9e9ecec54ee","grade":"B"}
{"ts":"2026-05-04T03:36:45.004Z","phase":"stale-state-skip","toolName":"Agent","stateSessionId":"59d54e15-141d-4cb3-af9e-23432095757f","currentSessionId":"fe89a9b4-6922-431b-9f10-d9e9ecec54ee"}
{"ts":"2026-05-04T03:43:11.061Z","phase":"no-op","reason":"jobs-framing-not-active","sessionId":"fe89a9b4-6922-431b-9f10-d9e9ecec54ee","grade":"B"}
{"ts":"2026-05-04T03:43:45.373Z","phase":"stale-state-skip","toolName":"Agent","stateSessionId":"59d54e15-141d-4cb3-af9e-23432095757f","currentSessionId":"fe89a9b4-6922-431b-9f10-d9e9ecec54ee"}
{"ts":"2026-05-04T03:43:53.637Z","phase":"stale-state-skip","toolName":"Agent","stateSessionId":"59d54e15-141d-4cb3-af9e-23432095757f","currentSessionId":"fe89a9b4-6922-431b-9f10-d9e9ecec54ee"}
{"ts":"2026-05-04T03:49:25.318Z","phase":"no-op","reason":"jobs-framing-not-active","sessionId":"fe89a9b4-6922-431b-9f10-d9e9ecec54ee","grade":"B"}
{"ts":"2026-05-04T03:49:55.072Z","phase":"stale-state-skip","toolName":"Agent","stateSessionId":"59d54e15-141d-4cb3-af9e-23432095757f","currentSessionId":"fe89a9b4-6922-431b-9f10-d9e9ecec54ee"}
{"ts":"2026-05-04T03:53:01.506Z","phase":"no-op","reason":"jobs-framing-not-active","sessionId":"fe89a9b4-6922-431b-9f10-d9e9ecec54ee","grade":"B"}
{"ts":"2026-05-04T03:53:48.157Z","phase":"stale-state-skip","toolName":"Agent","stateSessionId":"59d54e15-141d-4cb3-af9e-23432095757f","currentSessionId":"fe89a9b4-6922-431b-9f10-d9e9ecec54ee"}
{"ts":"2026-05-04T04:02:15.256Z","phase":"no-op","reason":"jobs-framing-not-active","sessionId":"19e01593-e364-410a-9b7b-2b2aea2de80b","grade":"B"}
{"ts":"2026-05-04T04:07:12.728Z","phase":"no-op","reason":"jobs-framing-not-active","sessionId":"19e01593-e364-410a-9b7b-2b2aea2de80b","grade":"B"}
{"ts":"2026-05-04T04:22:39.774Z","phase":"no-op","reason":"jobs-framing-not-active","sessionId":"19e01593-e364-410a-9b7b-2b2aea2de80b","grade":"B"}
{"ts":"2026-05-04T04:27:50.204Z","phase":"no-op","reason":"jobs-framing-not-active","sessionId":"19e01593-e364-410a-9b7b-2b2aea2de80b","grade":"B"}
{"ts":"2026-05-04T04:29:19.671Z","phase":"no-op","reason":"jobs-framing-not-active","sessionId":"19e01593-e364-410a-9b7b-2b2aea2de80b","grade":"B"}
{"ts":"2026-05-04T04:31:33.453Z","phase":"no-op","reason":"jobs-framing-not-active","sessionId":"19e01593-e364-410a-9b7b-2b2aea2de80b","grade":"B"}
{"ts":"2026-05-04T04:32:55.222Z","phase":"no-op","reason":"jobs-framing-not-active","sessionId":"19e01593-e364-410a-9b7b-2b2aea2de80b","grade":"B"}
{"ts":"2026-05-04T04:37:02.354Z","phase":"no-op","reason":"jobs-framing-not-active","sessionId":"19e01593-e364-410a-9b7b-2b2aea2de80b","grade":"B"}
{"ts":"2026-05-04T04:43:42.336Z","phase":"no-op","reason":"jobs-framing-not-active","sessionId":"19e01593-e364-410a-9b7b-2b2aea2de80b","grade":"B"}
{"ts":"2026-05-04T04:46:09.677Z","phase":"stale-state-skip","toolName":"Agent","stateSessionId":"59d54e15-141d-4cb3-af9e-23432095757f","currentSessionId":"19e01593-e364-410a-9b7b-2b2aea2de80b"}
{"ts":"2026-05-04T05:00:48.802Z","phase":"no-op","reason":"jobs-framing-not-active","sessionId":"88c39a75-b75f-4b8b-8743-69be98699fa8","grade":"B"}
{"ts":"2026-05-04T05:03:06.866Z","phase":"no-op","reason":"jobs-framing-not-active","sessionId":"88c39a75-b75f-4b8b-8743-69be98699fa8","grade":"B"}
{"ts":"2026-05-04T05:08:04.388Z","phase":"no-op","reason":"jobs-framing-not-active","sessionId":"88c39a75-b75f-4b8b-8743-69be98699fa8","grade":"B"}
{"ts":"2026-05-04T05:13:32.136Z","phase":"no-op","reason":"jobs-framing-not-active","sessionId":"88c39a75-b75f-4b8b-8743-69be98699fa8","grade":"B"}
{"ts":"2026-05-04T05:14:10.133Z","phase":"no-op","reason":"jobs-framing-not-active","sessionId":"88c39a75-b75f-4b8b-8743-69be98699fa8","grade":"B"}
{"ts":"2026-05-04T05:16:18.984Z","phase":"no-op","reason":"jobs-framing-not-active","sessionId":"88c39a75-b75f-4b8b-8743-69be98699fa8","grade":"B"}
{"ts":"2026-05-04T05:17:43.756Z","phase":"no-op","reason":"jobs-framing-not-active","sessionId":"88c39a75-b75f-4b8b-8743-69be98699fa8","grade":"B"}
{"ts":"2026-05-04T05:55:00.676Z","phase":"no-op","reason":"jobs-framing-not-active","sessionId":"88c39a75-b75f-4b8b-8743-69be98699fa8","grade":"B"}
{"ts":"2026-05-04T05:56:45.179Z","phase":"stale-state-skip","toolName":"Agent","stateSessionId":"59d54e15-141d-4cb3-af9e-23432095757f","currentSessionId":"88c39a75-b75f-4b8b-8743-69be98699fa8"}
{"ts":"2026-05-04T06:28:53.857Z","phase":"no-op","reason":"jobs-framing-not-active","sessionId":"4adf5b79-3f6f-4dfc-843a-f14e177dd2d3","grade":"B"}
{"ts":"2026-05-04T06:30:25.986Z","phase":"stale-state-skip","toolName":"Agent","stateSessionId":"59d54e15-141d-4cb3-af9e-23432095757f","currentSessionId":"4adf5b79-3f6f-4dfc-843a-f14e177dd2d3"}
{"ts":"2026-05-04T06:34:42.228Z","phase":"stale-state-skip","toolName":"Agent","stateSessionId":"59d54e15-141d-4cb3-af9e-23432095757f","currentSessionId":"4adf5b79-3f6f-4dfc-843a-f14e177dd2d3"}
{"ts":"2026-05-04T07:02:28.113Z","phase":"no-op","reason":"jobs-framing-not-active","sessionId":"4adf5b79-3f6f-4dfc-843a-f14e177dd2d3","grade":"B"}
{"ts":"2026-05-04T07:02:44.562Z","phase":"stale-state-skip","toolName":"Agent","stateSessionId":"59d54e15-141d-4cb3-af9e-23432095757f","currentSessionId":"4adf5b79-3f6f-4dfc-843a-f14e177dd2d3"}
{"ts":"2026-05-04T07:08:55.285Z","phase":"no-op","reason":"jobs-framing-not-active","sessionId":"4adf5b79-3f6f-4dfc-843a-f14e177dd2d3","grade":"B"}
{"ts":"2026-05-04T07:10:08.026Z","phase":"no-op","reason":"jobs-framing-not-active","sessionId":"4adf5b79-3f6f-4dfc-843a-f14e177dd2d3","grade":"B"}
{"ts":"2026-05-04T07:13:40.889Z","phase":"no-op","reason":"jobs-framing-not-active","sessionId":"4adf5b79-3f6f-4dfc-843a-f14e177dd2d3","grade":"B"}
{"ts":"2026-05-04T07:14:42.777Z","phase":"no-op","reason":"jobs-framing-not-active","sessionId":"4adf5b79-3f6f-4dfc-843a-f14e177dd2d3","grade":"B"}
{"ts":"2026-05-04T07:18:23.039Z","phase":"no-op","reason":"jobs-framing-not-active","sessionId":"4adf5b79-3f6f-4dfc-843a-f14e177dd2d3","grade":"B"}
{"ts":"2026-05-04T07:20:06.788Z","phase":"no-op","reason":"jobs-framing-not-active","sessionId":"4adf5b79-3f6f-4dfc-843a-f14e177dd2d3","grade":"B"}
{"ts":"2026-05-04T07:23:24.781Z","phase":"no-op","reason":"jobs-framing-not-active","sessionId":"4adf5b79-3f6f-4dfc-843a-f14e177dd2d3","grade":"B"}
{"ts":"2026-05-04T07:24:14.467Z","phase":"stale-state-skip","toolName":"Agent","stateSessionId":"59d54e15-141d-4cb3-af9e-23432095757f","currentSessionId":"4adf5b79-3f6f-4dfc-843a-f14e177dd2d3"}
{"ts":"2026-05-04T07:36:48.145Z","phase":"no-op","reason":"jobs-framing-not-active","sessionId":"922f4bb5-c2e9-4b0e-aa6a-f22ff2242c27","grade":"B"}
{"ts":"2026-05-04T07:38:39.085Z","phase":"no-op","reason":"jobs-framing-not-active","sessionId":"922f4bb5-c2e9-4b0e-aa6a-f22ff2242c27","grade":"B"}
{"ts":"2026-05-04T07:42:22.349Z","phase":"no-op","reason":"jobs-framing-not-active","sessionId":"922f4bb5-c2e9-4b0e-aa6a-f22ff2242c27","grade":"B"}
{"ts":"2026-05-04T07:46:27.488Z","phase":"no-op","reason":"jobs-framing-not-active","sessionId":"922f4bb5-c2e9-4b0e-aa6a-f22ff2242c27","grade":"B"}
{"ts":"2026-05-04T07:50:25.560Z","phase":"no-op","reason":"jobs-framing-not-active","sessionId":"922f4bb5-c2e9-4b0e-aa6a-f22ff2242c27","grade":"B"}
{"ts":"2026-05-04T07:52:35.239Z","phase":"no-op","reason":"jobs-framing-not-active","sessionId":"922f4bb5-c2e9-4b0e-aa6a-f22ff2242c27","grade":"B"}
{"ts":"2026-05-04T07:54:41.259Z","phase":"no-op","reason":"jobs-framing-not-active","sessionId":"922f4bb5-c2e9-4b0e-aa6a-f22ff2242c27","grade":"B"}
{"ts":"2026-05-04T07:56:14.189Z","phase":"no-op","reason":"jobs-framing-not-active","sessionId":"922f4bb5-c2e9-4b0e-aa6a-f22ff2242c27","grade":"B"}
{"ts":"2026-05-04T07:58:51.687Z","phase":"no-op","reason":"jobs-framing-not-active","sessionId":"922f4bb5-c2e9-4b0e-aa6a-f22ff2242c27","grade":"B"}
{"ts":"2026-05-04T07:59:56.271Z","phase":"no-op","reason":"jobs-framing-not-active","sessionId":"922f4bb5-c2e9-4b0e-aa6a-f22ff2242c27","grade":"B"}
{"ts":"2026-05-04T08:01:28.174Z","phase":"no-op","reason":"jobs-framing-not-active","sessionId":"922f4bb5-c2e9-4b0e-aa6a-f22ff2242c27","grade":"B"}
{"ts":"2026-05-04T08:05:55.827Z","phase":"no-op","reason":"jobs-framing-not-active","sessionId":"922f4bb5-c2e9-4b0e-aa6a-f22ff2242c27","grade":"B"}
{"ts":"2026-05-04T08:06:32.755Z","phase":"no-op","reason":"jobs-framing-not-active","sessionId":"922f4bb5-c2e9-4b0e-aa6a-f22ff2242c27","grade":"B"}
{"ts":"2026-05-04T08:07:11.011Z","phase":"no-op","reason":"jobs-framing-not-active","sessionId":"922f4bb5-c2e9-4b0e-aa6a-f22ff2242c27","grade":"B"}
{"ts":"2026-05-04T08:08:55.061Z","phase":"no-op","reason":"jobs-framing-not-active","sessionId":"922f4bb5-c2e9-4b0e-aa6a-f22ff2242c27","grade":"B"}
{"ts":"2026-05-04T08:12:54.893Z","phase":"no-op","reason":"jobs-framing-not-active","sessionId":"922f4bb5-c2e9-4b0e-aa6a-f22ff2242c27","grade":"B"}
{"ts":"2026-05-04T08:15:13.851Z","phase":"no-op","reason":"jobs-framing-not-active","sessionId":"922f4bb5-c2e9-4b0e-aa6a-f22ff2242c27","grade":"B"}
{"ts":"2026-05-04T08:15:49.069Z","phase":"no-op","reason":"jobs-framing-not-active","sessionId":"922f4bb5-c2e9-4b0e-aa6a-f22ff2242c27","grade":"B"}
{"ts":"2026-05-04T08:16:58.120Z","phase":"no-op","reason":"jobs-framing-not-active","sessionId":"922f4bb5-c2e9-4b0e-aa6a-f22ff2242c27","grade":"B"}
{"ts":"2026-05-04T08:19:44.983Z","phase":"no-op","reason":"jobs-framing-not-active","sessionId":"922f4bb5-c2e9-4b0e-aa6a-f22ff2242c27","grade":"B"}
{"ts":"2026-05-04T08:21:12.844Z","phase":"no-op","reason":"jobs-framing-not-active","sessionId":"922f4bb5-c2e9-4b0e-aa6a-f22ff2242c27","grade":"B"}
{"ts":"2026-05-04T08:28:41.414Z","phase":"no-op","reason":"jobs-framing-not-active","sessionId":"922f4bb5-c2e9-4b0e-aa6a-f22ff2242c27","grade":"B"}
{"ts":"2026-05-04T08:32:54.972Z","phase":"no-op","reason":"jobs-framing-not-active","sessionId":"922f4bb5-c2e9-4b0e-aa6a-f22ff2242c27","grade":"B"}
{"ts":"2026-05-04T08:36:04.702Z","phase":"no-op","reason":"jobs-framing-not-active","sessionId":"922f4bb5-c2e9-4b0e-aa6a-f22ff2242c27","grade":"B"}
{"ts":"2026-05-04T08:37:01.202Z","phase":"stale-state-skip","toolName":"Agent","stateSessionId":"59d54e15-141d-4cb3-af9e-23432095757f","currentSessionId":"922f4bb5-c2e9-4b0e-aa6a-f22ff2242c27"}
{"ts":"2026-05-04T08:37:29.118Z","phase":"stale-state-skip","toolName":"Agent","stateSessionId":"59d54e15-141d-4cb3-af9e-23432095757f","currentSessionId":"922f4bb5-c2e9-4b0e-aa6a-f22ff2242c27"}
{"ts":"2026-05-04T08:38:15.919Z","phase":"stale-state-skip","toolName":"Agent","stateSessionId":"59d54e15-141d-4cb3-af9e-23432095757f","currentSessionId":"922f4bb5-c2e9-4b0e-aa6a-f22ff2242c27"}
{"ts":"2026-05-04T12:08:42.655Z","phase":"no-op","reason":"jobs-framing-not-active","sessionId":"922f4bb5-c2e9-4b0e-aa6a-f22ff2242c27","grade":"B"}
{"ts":"2026-05-04T12:09:39.903Z","phase":"no-op","reason":"jobs-framing-not-active","sessionId":"3aef798a-67b8-4d3d-8924-06ae03ed253f","grade":"B"}
{"ts":"2026-05-04T12:11:01.159Z","phase":"stale-state-skip","toolName":"Agent","stateSessionId":"59d54e15-141d-4cb3-af9e-23432095757f","currentSessionId":"3aef798a-67b8-4d3d-8924-06ae03ed253f"}
{"ts":"2026-05-04T12:13:41.299Z","phase":"no-op","reason":"jobs-framing-not-active","sessionId":"3aef798a-67b8-4d3d-8924-06ae03ed253f","grade":"B"}
{"ts":"2026-05-04T12:15:43.955Z","phase":"no-op","reason":"jobs-framing-not-active","sessionId":"3aef798a-67b8-4d3d-8924-06ae03ed253f","grade":"B"}
{"ts":"2026-05-04T12:16:38.666Z","phase":"no-op","reason":"jobs-framing-not-active","sessionId":"3aef798a-67b8-4d3d-8924-06ae03ed253f","grade":"B"}
{"ts":"2026-05-04T12:17:32.009Z","phase":"no-op","reason":"jobs-framing-not-active","sessionId":"3aef798a-67b8-4d3d-8924-06ae03ed253f","grade":"B"}
{"ts":"2026-05-04T12:17:45.336Z","phase":"stale-state-skip","toolName":"Agent","stateSessionId":"59d54e15-141d-4cb3-af9e-23432095757f","currentSessionId":"3aef798a-67b8-4d3d-8924-06ae03ed253f"}
{"ts":"2026-05-04T12:18:30.647Z","phase":"no-op","reason":"jobs-framing-not-active","sessionId":"3aef798a-67b8-4d3d-8924-06ae03ed253f","grade":"B"}
{"ts":"2026-05-04T12:19:40.650Z","phase":"no-op","reason":"jobs-framing-not-active","sessionId":"3aef798a-67b8-4d3d-8924-06ae03ed253f","grade":"B"}
{"ts":"2026-05-04T12:21:05.435Z","phase":"no-op","reason":"jobs-framing-not-active","sessionId":"3aef798a-67b8-4d3d-8924-06ae03ed253f","grade":"B"}
{"ts":"2026-05-04T12:21:20.078Z","phase":"stale-state-skip","toolName":"Agent","stateSessionId":"59d54e15-141d-4cb3-af9e-23432095757f","currentSessionId":"3aef798a-67b8-4d3d-8924-06ae03ed253f"}
{"ts":"2026-05-04T12:32:53.557Z","phase":"no-op","reason":"jobs-framing-not-active","sessionId":"3aef798a-67b8-4d3d-8924-06ae03ed253f","grade":"B"}
{"ts":"2026-05-04T12:34:11.889Z","phase":"no-op","reason":"jobs-framing-not-active","sessionId":"3aef798a-67b8-4d3d-8924-06ae03ed253f","grade":"B"}
{"ts":"2026-05-04T12:36:05.584Z","phase":"no-op","reason":"jobs-framing-not-active","sessionId":"3aef798a-67b8-4d3d-8924-06ae03ed253f","grade":"B"}
{"ts":"2026-05-04T12:39:43.073Z","phase":"no-op","reason":"jobs-framing-not-active","sessionId":"3aef798a-67b8-4d3d-8924-06ae03ed253f","grade":"B"}
{"ts":"2026-05-04T12:54:27.179Z","phase":"no-op","reason":"jobs-framing-not-active","sessionId":"3aef798a-67b8-4d3d-8924-06ae03ed253f","grade":"B"}
{"ts":"2026-05-04T12:56:06.993Z","phase":"no-op","reason":"jobs-framing-not-active","sessionId":"3aef798a-67b8-4d3d-8924-06ae03ed253f","grade":"B"}
{"ts":"2026-05-04T12:58:07.603Z","phase":"no-op","reason":"jobs-framing-not-active","sessionId":"3aef798a-67b8-4d3d-8924-06ae03ed253f","grade":"B"}
{"ts":"2026-05-04T12:59:50.592Z","phase":"no-op","reason":"jobs-framing-not-active","sessionId":"3aef798a-67b8-4d3d-8924-06ae03ed253f","grade":"B"}
{"ts":"2026-05-04T13:09:28.959Z","phase":"no-op","reason":"jobs-framing-not-active","sessionId":"3aef798a-67b8-4d3d-8924-06ae03ed253f","grade":"B"}
{"ts":"2026-05-04T13:10:26.471Z","phase":"no-op","reason":"jobs-framing-not-active","sessionId":"3aef798a-67b8-4d3d-8924-06ae03ed253f","grade":"B"}
{"ts":"2026-05-04T13:12:18.552Z","phase":"no-op","reason":"jobs-framing-not-active","sessionId":"3aef798a-67b8-4d3d-8924-06ae03ed253f","grade":"B"}
{"ts":"2026-05-04T13:18:12.813Z","phase":"no-op","reason":"jobs-framing-not-active","sessionId":"3aef798a-67b8-4d3d-8924-06ae03ed253f","grade":"B"}
{"ts":"2026-05-04T13:22:20.801Z","phase":"no-op","reason":"jobs-framing-not-active","sessionId":"3aef798a-67b8-4d3d-8924-06ae03ed253f","grade":"B"}
{"ts":"2026-05-04T13:24:42.701Z","phase":"no-op","reason":"jobs-framing-not-active","sessionId":"3aef798a-67b8-4d3d-8924-06ae03ed253f","grade":"B"}
{"ts":"2026-05-04T13:27:13.400Z","phase":"no-op","reason":"jobs-framing-not-active","sessionId":"3aef798a-67b8-4d3d-8924-06ae03ed253f","grade":"B"}
{"ts":"2026-05-04T13:28:26.593Z","phase":"no-op","reason":"jobs-framing-not-active","sessionId":"3aef798a-67b8-4d3d-8924-06ae03ed253f","grade":"B"}
{"ts":"2026-05-04T13:29:56.960Z","phase":"no-op","reason":"jobs-framing-not-active","sessionId":"3aef798a-67b8-4d3d-8924-06ae03ed253f","grade":"B"}
{"ts":"2026-05-04T13:31:13.577Z","phase":"no-op","reason":"jobs-framing-not-active","sessionId":"3aef798a-67b8-4d3d-8924-06ae03ed253f","grade":"B"}
{"ts":"2026-05-04T13:32:07.403Z","phase":"no-op","reason":"jobs-framing-not-active","sessionId":"3aef798a-67b8-4d3d-8924-06ae03ed253f","grade":"B"}
{"ts":"2026-05-04T13:32:23.057Z","phase":"no-op","reason":"jobs-framing-not-active","sessionId":"3aef798a-67b8-4d3d-8924-06ae03ed253f","grade":"B"}
{"ts":"2026-05-04T13:32:55.817Z","phase":"no-op","reason":"jobs-framing-not-active","sessionId":"3aef798a-67b8-4d3d-8924-06ae03ed253f","grade":"B"}
{"ts":"2026-05-04T13:34:17.865Z","phase":"no-op","reason":"jobs-framing-not-active","sessionId":"3aef798a-67b8-4d3d-8924-06ae03ed253f","grade":"B"}
{"ts":"2026-05-04T13:35:11.754Z","phase":"no-op","reason":"jobs-framing-not-active","sessionId":"3aef798a-67b8-4d3d-8924-06ae03ed253f","grade":"B"}
{"ts":"2026-05-04T13:35:44.349Z","phase":"no-op","reason":"jobs-framing-not-active","sessionId":"3aef798a-67b8-4d3d-8924-06ae03ed253f","grade":"B"}
{"ts":"2026-05-04T13:36:04.519Z","phase":"no-op","reason":"jobs-framing-not-active","sessionId":"3aef798a-67b8-4d3d-8924-06ae03ed253f","grade":"B"}
{"ts":"2026-05-04T13:39:02.970Z","phase":"no-op","reason":"jobs-framing-not-active","sessionId":"3aef798a-67b8-4d3d-8924-06ae03ed253f","grade":"B"}
{"ts":"2026-05-04T13:39:41.534Z","phase":"no-op","reason":"jobs-framing-not-active","sessionId":"3aef798a-67b8-4d3d-8924-06ae03ed253f","grade":"B"}
{"ts":"2026-05-04T13:40:20.436Z","phase":"no-op","reason":"jobs-framing-not-active","sessionId":"3aef798a-67b8-4d3d-8924-06ae03ed253f","grade":"B"}
{"ts":"2026-05-04T13:42:12.202Z","phase":"no-op","reason":"jobs-framing-not-active","sessionId":"3aef798a-67b8-4d3d-8924-06ae03ed253f","grade":"B"}
{"ts":"2026-05-04T13:43:20.472Z","phase":"no-op","reason":"jobs-framing-not-active","sessionId":"3aef798a-67b8-4d3d-8924-06ae03ed253f","grade":"B"}
{"ts":"2026-05-04T13:43:50.081Z","phase":"stale-state-skip","toolName":"Agent","stateSessionId":"59d54e15-141d-4cb3-af9e-23432095757f","currentSessionId":"3aef798a-67b8-4d3d-8924-06ae03ed253f"}
{"ts":"2026-05-04T13:44:18.049Z","phase":"stale-state-skip","toolName":"Agent","stateSessionId":"59d54e15-141d-4cb3-af9e-23432095757f","currentSessionId":"3aef798a-67b8-4d3d-8924-06ae03ed253f"}
{"ts":"2026-05-04T21:53:58.532Z","phase":"no-op","reason":"jobs-framing-not-active","sessionId":"3aef798a-67b8-4d3d-8924-06ae03ed253f","grade":"B"}
{"ts":"2026-05-04T21:56:14.262Z","phase":"no-op","reason":"jobs-framing-not-active","sessionId":"32924aa2-a52f-4a5c-8e9f-2de6e16b88f1","grade":"B"}
{"ts":"2026-05-04T22:00:52.522Z","phase":"no-op","reason":"jobs-framing-not-active","sessionId":"32924aa2-a52f-4a5c-8e9f-2de6e16b88f1","grade":"B"}
{"ts":"2026-05-04T22:01:30.816Z","phase":"no-op","reason":"jobs-framing-not-active","sessionId":"32924aa2-a52f-4a5c-8e9f-2de6e16b88f1","grade":"B"}
{"ts":"2026-05-04T22:02:03.498Z","phase":"stale-state-skip","toolName":"Agent","stateSessionId":"59d54e15-141d-4cb3-af9e-23432095757f","currentSessionId":"32924aa2-a52f-4a5c-8e9f-2de6e16b88f1"}
{"ts":"2026-05-04T22:11:18.528Z","phase":"no-op","reason":"jobs-framing-not-active","sessionId":"32924aa2-a52f-4a5c-8e9f-2de6e16b88f1","grade":"B"}
{"ts":"2026-05-04T22:14:22.573Z","phase":"no-op","reason":"jobs-framing-not-active","sessionId":"32924aa2-a52f-4a5c-8e9f-2de6e16b88f1","grade":"B"}
{"ts":"2026-05-04T22:15:47.089Z","phase":"no-op","reason":"jobs-framing-not-active","sessionId":"32924aa2-a52f-4a5c-8e9f-2de6e16b88f1","grade":"B"}
{"ts":"2026-05-04T22:16:49.953Z","phase":"no-op","reason":"jobs-framing-not-active","sessionId":"32924aa2-a52f-4a5c-8e9f-2de6e16b88f1","grade":"B"}
{"ts":"2026-05-04T22:18:06.305Z","phase":"no-op","reason":"jobs-framing-not-active","sessionId":"32924aa2-a52f-4a5c-8e9f-2de6e16b88f1","grade":"B"}
{"ts":"2026-05-04T22:21:43.862Z","phase":"no-op","reason":"jobs-framing-not-active","sessionId":"32924aa2-a52f-4a5c-8e9f-2de6e16b88f1","grade":"B"}
{"ts":"2026-05-04T22:23:07.065Z","phase":"no-op","reason":"jobs-framing-not-active","sessionId":"32924aa2-a52f-4a5c-8e9f-2de6e16b88f1","grade":"B"}
{"ts":"2026-05-04T22:25:10.072Z","phase":"no-op","reason":"jobs-framing-not-active","sessionId":"32924aa2-a52f-4a5c-8e9f-2de6e16b88f1","grade":"B"}
{"ts":"2026-05-04T22:28:00.482Z","phase":"no-op","reason":"jobs-framing-not-active","sessionId":"32924aa2-a52f-4a5c-8e9f-2de6e16b88f1","grade":"B"}
{"ts":"2026-05-04T22:28:28.876Z","phase":"stale-state-skip","toolName":"Agent","stateSessionId":"59d54e15-141d-4cb3-af9e-23432095757f","currentSessionId":"32924aa2-a52f-4a5c-8e9f-2de6e16b88f1"}
{"ts":"2026-05-04T22:37:16.642Z","phase":"no-op","reason":"jobs-framing-not-active","sessionId":"32924aa2-a52f-4a5c-8e9f-2de6e16b88f1","grade":"B"}
{"ts":"2026-05-04T22:38:17.671Z","phase":"no-op","reason":"jobs-framing-not-active","sessionId":"32924aa2-a52f-4a5c-8e9f-2de6e16b88f1","grade":"B"}
{"ts":"2026-05-04T22:39:39.365Z","phase":"no-op","reason":"jobs-framing-not-active","sessionId":"32924aa2-a52f-4a5c-8e9f-2de6e16b88f1","grade":"B"}
{"ts":"2026-05-04T22:42:39.830Z","phase":"no-op","reason":"jobs-framing-not-active","sessionId":"32924aa2-a52f-4a5c-8e9f-2de6e16b88f1","grade":"B"}
{"ts":"2026-05-04T22:43:10.195Z","phase":"stale-state-skip","toolName":"Agent","stateSessionId":"59d54e15-141d-4cb3-af9e-23432095757f","currentSessionId":"32924aa2-a52f-4a5c-8e9f-2de6e16b88f1"}
{"ts":"2026-05-04T22:45:08.140Z","phase":"stale-state-skip","toolName":"Agent","stateSessionId":"59d54e15-141d-4cb3-af9e-23432095757f","currentSessionId":"32924aa2-a52f-4a5c-8e9f-2de6e16b88f1"}
{"ts":"2026-05-04T22:53:30.661Z","phase":"no-op","reason":"jobs-framing-not-active","sessionId":"32924aa2-a52f-4a5c-8e9f-2de6e16b88f1","grade":"B"}
{"ts":"2026-05-04T22:56:57.122Z","phase":"no-op","reason":"jobs-framing-not-active","sessionId":"32924aa2-a52f-4a5c-8e9f-2de6e16b88f1","grade":"B"}
{"ts":"2026-05-04T22:58:47.119Z","phase":"stale-state-skip","toolName":"Agent","stateSessionId":"59d54e15-141d-4cb3-af9e-23432095757f","currentSessionId":"32924aa2-a52f-4a5c-8e9f-2de6e16b88f1"}
{"ts":"2026-05-04T23:02:34.100Z","phase":"no-op","reason":"jobs-framing-not-active","sessionId":"32924aa2-a52f-4a5c-8e9f-2de6e16b88f1","grade":"B"}
{"ts":"2026-05-04T23:04:48.425Z","phase":"no-op","reason":"jobs-framing-not-active","sessionId":"32924aa2-a52f-4a5c-8e9f-2de6e16b88f1","grade":"B"}
{"ts":"2026-05-04T23:06:08.002Z","phase":"no-op","reason":"jobs-framing-not-active","sessionId":"c08bf468-5977-4084-9012-5102db751bb3","grade":"B"}
{"ts":"2026-05-04T23:12:17.414Z","phase":"stale-state-skip","toolName":"Agent","stateSessionId":"59d54e15-141d-4cb3-af9e-23432095757f","currentSessionId":"c08bf468-5977-4084-9012-5102db751bb3"}
{"ts":"2026-05-04T23:12:59.801Z","phase":"no-op","reason":"grade-mismatch","grade":"C"}
{"ts":"2026-05-04T23:20:44.972Z","phase":"no-op","reason":"grade-mismatch","grade":"C"}
{"ts":"2026-05-04T23:25:13.534Z","phase":"no-op","reason":"jobs-framing-not-active","sessionId":"6feb0170-16ae-48b1-aa14-a2e88b1dc9ec","grade":"B"}
{"ts":"2026-05-04T23:26:39.618Z","phase":"no-op","reason":"jobs-framing-not-active","sessionId":"6feb0170-16ae-48b1-aa14-a2e88b1dc9ec","grade":"B"}
{"ts":"2026-05-04T23:27:21.189Z","phase":"stale-state-skip","toolName":"Agent","stateSessionId":"59d54e15-141d-4cb3-af9e-23432095757f","currentSessionId":"6feb0170-16ae-48b1-aa14-a2e88b1dc9ec"}
{"ts":"2026-05-04T23:29:54.384Z","phase":"no-op","reason":"jobs-framing-not-active","sessionId":"6feb0170-16ae-48b1-aa14-a2e88b1dc9ec","grade":"B"}
{"ts":"2026-05-04T23:30:14.141Z","phase":"stale-state-skip","toolName":"Agent","stateSessionId":"59d54e15-141d-4cb3-af9e-23432095757f","currentSessionId":"6feb0170-16ae-48b1-aa14-a2e88b1dc9ec"}
{"ts":"2026-05-04T23:34:49.617Z","phase":"no-op","reason":"jobs-framing-not-active","sessionId":"6feb0170-16ae-48b1-aa14-a2e88b1dc9ec","grade":"B"}
{"ts":"2026-05-04T23:35:48.690Z","phase":"no-op","reason":"jobs-framing-not-active","sessionId":"6feb0170-16ae-48b1-aa14-a2e88b1dc9ec","grade":"B"}
{"ts":"2026-05-04T23:37:34.486Z","phase":"stale-state-skip","toolName":"Agent","stateSessionId":"59d54e15-141d-4cb3-af9e-23432095757f","currentSessionId":"6feb0170-16ae-48b1-aa14-a2e88b1dc9ec"}
{"ts":"2026-05-04T23:37:55.600Z","phase":"stale-state-skip","toolName":"Agent","stateSessionId":"59d54e15-141d-4cb3-af9e-23432095757f","currentSessionId":"6feb0170-16ae-48b1-aa14-a2e88b1dc9ec"}
{"ts":"2026-05-04T23:39:08.110Z","phase":"stale-state-skip","toolName":"Agent","stateSessionId":"59d54e15-141d-4cb3-af9e-23432095757f","currentSessionId":"6feb0170-16ae-48b1-aa14-a2e88b1dc9ec"}
{"ts":"2026-05-04T23:44:48.896Z","phase":"no-op","reason":"jobs-framing-not-active","sessionId":"6182cad4-7a05-45dd-b36d-53c1c35d4da8","grade":"B"}
{"ts":"2026-05-04T23:48:15.769Z","phase":"no-op","reason":"jobs-framing-not-active","sessionId":"6182cad4-7a05-45dd-b36d-53c1c35d4da8","grade":"B"}
{"ts":"2026-05-04T23:48:47.484Z","phase":"no-op","reason":"jobs-framing-not-active","sessionId":"6182cad4-7a05-45dd-b36d-53c1c35d4da8","grade":"B"}
{"ts":"2026-05-04T23:49:22.914Z","phase":"stale-state-skip","toolName":"Agent","stateSessionId":"59d54e15-141d-4cb3-af9e-23432095757f","currentSessionId":"6182cad4-7a05-45dd-b36d-53c1c35d4da8"}
{"ts":"2026-05-04T23:55:35.993Z","phase":"jobs-framing-activated","sessionId":"6182cad4-7a05-45dd-b36d-53c1c35d4da8","grade":"B"}
{"ts":"2026-05-04T23:59:15.759Z","phase":"classified","sessionId":"6182cad4-7a05-45dd-b36d-53c1c35d4da8","grade":"B","echoTriggerDetected":false,"intentReconfirmRequested":false,"matchedKeywords":[],"elapsedMs":9}
{"ts":"2026-05-04T23:59:56.054Z","phase":"no-audit","toolName":"Agent"}
{"ts":"2026-05-05T00:03:36.453Z","phase":"classified","sessionId":"6182cad4-7a05-45dd-b36d-53c1c35d4da8","grade":"B","echoTriggerDetected":false,"intentReconfirmRequested":false,"matchedKeywords":[],"elapsedMs":14}
{"ts":"2026-05-05T00:04:06.386Z","phase":"no-audit","toolName":"Agent"}
{"ts":"2026-05-05T00:08:11.418Z","phase":"classified","sessionId":"6182cad4-7a05-45dd-b36d-53c1c35d4da8","grade":"B","echoTriggerDetected":false,"intentReconfirmRequested":false,"matchedKeywords":[],"elapsedMs":10}
{"ts":"2026-05-05T00:08:53.276Z","phase":"classified","sessionId":"6182cad4-7a05-45dd-b36d-53c1c35d4da8","grade":"B","echoTriggerDetected":false,"intentReconfirmRequested":false,"matchedKeywords":[],"elapsedMs":10}
{"ts":"2026-05-05T00:09:34.152Z","phase":"no-audit","toolName":"Agent"}
{"ts":"2026-05-05T00:09:58.619Z","phase":"no-audit","toolName":"Agent"}
{"ts":"2026-05-05T00:11:24.531Z","phase":"no-audit","toolName":"Agent"}
{"ts":"2026-05-05T00:17:33.079Z","phase":"classified","sessionId":"6182cad4-7a05-45dd-b36d-53c1c35d4da8","grade":"B","echoTriggerDetected":false,"intentReconfirmRequested":false,"matchedKeywords":[],"elapsedMs":12}
{"ts":"2026-05-05T00:19:07.304Z","phase":"no-op","reason":"jobs-framing-not-active","sessionId":"33e53998-76b4-44eb-ae51-dc44b0258977","grade":"B"}
{"ts":"2026-05-05T00:20:25.548Z","phase":"stale-state-skip","toolName":"Agent","stateSessionId":"6182cad4-7a05-45dd-b36d-53c1c35d4da8","currentSessionId":"33e53998-76b4-44eb-ae51-dc44b0258977"}
{"ts":"2026-05-05T00:25:25.252Z","phase":"no-op","reason":"jobs-framing-not-active","sessionId":"33e53998-76b4-44eb-ae51-dc44b0258977","grade":"A"}
{"ts":"2026-05-05T00:25:50.964Z","phase":"stale-state-skip","toolName":"Agent","stateSessionId":"6182cad4-7a05-45dd-b36d-53c1c35d4da8","currentSessionId":"33e53998-76b4-44eb-ae51-dc44b0258977"}
{"ts":"2026-05-05T00:32:01.746Z","phase":"no-op","reason":"jobs-framing-not-active","sessionId":"33e53998-76b4-44eb-ae51-dc44b0258977","grade":"A"}
{"ts":"2026-05-05T00:34:33.475Z","phase":"no-op","reason":"jobs-framing-not-active","sessionId":"33e53998-76b4-44eb-ae51-dc44b0258977","grade":"A"}
{"ts":"2026-05-05T00:38:47.984Z","phase":"no-op","reason":"jobs-framing-not-active","sessionId":"33e53998-76b4-44eb-ae51-dc44b0258977","grade":"S"}
{"ts":"2026-05-05T00:40:32.857Z","phase":"jobs-framing-activated","sessionId":"33e53998-76b4-44eb-ae51-dc44b0258977","grade":"S"}
{"ts":"2026-05-05T00:41:10.780Z","phase":"no-audit","toolName":"Agent"}
{"ts":"2026-05-05T00:47:04.690Z","phase":"classified","sessionId":"33e53998-76b4-44eb-ae51-dc44b0258977","grade":"S","echoTriggerDetected":false,"intentReconfirmRequested":false,"matchedKeywords":[],"elapsedMs":10}
{"ts":"2026-05-05T00:47:35.942Z","phase":"no-audit","toolName":"Agent"}
{"ts":"2026-05-05T00:54:27.510Z","phase":"classified","sessionId":"33e53998-76b4-44eb-ae51-dc44b0258977","grade":"S","echoTriggerDetected":true,"intentReconfirmRequested":false,"matchedKeywords":["OK","ok"],"elapsedMs":13}
{"ts":"2026-05-05T00:54:27.510Z","phase":"audit-emit","source":"UserPromptSubmit","echoTriggerDetected":true,"intentReconfirmRequested":false,"matchedKeywords":["OK","ok"]}
{"ts":"2026-05-05T00:55:59.070Z","phase":"classified","sessionId":"33e53998-76b4-44eb-ae51-dc44b0258977","grade":"S","echoTriggerDetected":false,"intentReconfirmRequested":false,"matchedKeywords":[],"elapsedMs":14}
{"ts":"2026-05-05T00:56:35.803Z","phase":"no-audit","toolName":"Agent"}
{"ts":"2026-05-05T01:05:51.613Z","phase":"classified","sessionId":"33e53998-76b4-44eb-ae51-dc44b0258977","grade":"S","echoTriggerDetected":false,"intentReconfirmRequested":false,"matchedKeywords":[],"elapsedMs":24}
{"ts":"2026-05-05T01:09:48.951Z","phase":"no-audit","toolName":"Agent"}
{"ts":"2026-05-05T01:15:38.909Z","phase":"classified","sessionId":"33e53998-76b4-44eb-ae51-dc44b0258977","grade":"S","echoTriggerDetected":false,"intentReconfirmRequested":false,"matchedKeywords":[],"elapsedMs":8}
{"ts":"2026-05-05T01:16:35.808Z","phase":"no-audit","toolName":"Agent"}
{"ts":"2026-05-05T01:24:40.248Z","phase":"classified","sessionId":"33e53998-76b4-44eb-ae51-dc44b0258977","grade":"S","echoTriggerDetected":false,"intentReconfirmRequested":false,"matchedKeywords":[],"elapsedMs":18}
{"ts":"2026-05-05T01:25:56.998Z","phase":"classified","sessionId":"33e53998-76b4-44eb-ae51-dc44b0258977","grade":"S","echoTriggerDetected":false,"intentReconfirmRequested":false,"matchedKeywords":[],"elapsedMs":10}
{"ts":"2026-05-05T01:26:33.365Z","phase":"no-audit","toolName":"Agent"}
{"ts":"2026-05-05T01:30:40.740Z","phase":"classified","sessionId":"33e53998-76b4-44eb-ae51-dc44b0258977","grade":"S","echoTriggerDetected":false,"intentReconfirmRequested":false,"matchedKeywords":[],"elapsedMs":7}
{"ts":"2026-05-05T01:31:13.823Z","phase":"no-audit","toolName":"Agent"}
{"ts":"2026-05-05T01:35:10.327Z","phase":"classified","sessionId":"33e53998-76b4-44eb-ae51-dc44b0258977","grade":"S","echoTriggerDetected":false,"intentReconfirmRequested":false,"matchedKeywords":[],"elapsedMs":8}
{"ts":"2026-05-05T01:36:21.338Z","phase":"classified","sessionId":"33e53998-76b4-44eb-ae51-dc44b0258977","grade":"S","echoTriggerDetected":false,"intentReconfirmRequested":false,"matchedKeywords":[],"elapsedMs":7}
{"ts":"2026-05-05T01:37:17.922Z","phase":"no-audit","toolName":"Agent"}
{"ts":"2026-05-05T01:37:38.680Z","phase":"no-audit","toolName":"Agent"}
{"ts":"2026-05-05T01:40:28.786Z","phase":"no-audit","toolName":"Agent"}
{"ts":"2026-05-05T01:49:03.936Z","phase":"classified","sessionId":"33e53998-76b4-44eb-ae51-dc44b0258977","grade":"S","echoTriggerDetected":false,"intentReconfirmRequested":false,"matchedKeywords":[],"elapsedMs":9}
{"ts":"2026-05-05T01:52:23.485Z","phase":"no-op","reason":"jobs-framing-not-active","sessionId":"04a57115-215f-4aad-a451-b2f63d815eaa","grade":"S"}
{"ts":"2026-05-05T01:53:24.874Z","phase":"no-op","reason":"jobs-framing-not-active","sessionId":"04a57115-215f-4aad-a451-b2f63d815eaa","grade":"S"}
{"ts":"2026-05-05T01:55:28.160Z","phase":"no-op","reason":"jobs-framing-not-active","sessionId":"04a57115-215f-4aad-a451-b2f63d815eaa","grade":"B"}
{"ts":"2026-05-05T01:55:51.591Z","phase":"stale-state-skip","toolName":"Agent","stateSessionId":"33e53998-76b4-44eb-ae51-dc44b0258977","currentSessionId":"04a57115-215f-4aad-a451-b2f63d815eaa"}
{"ts":"2026-05-05T02:03:44.127Z","phase":"jobs-framing-activated","sessionId":"04a57115-215f-4aad-a451-b2f63d815eaa","grade":"B"}
{"ts":"2026-05-05T02:04:07.712Z","phase":"no-audit","toolName":"Agent"}
{"ts":"2026-05-05T02:07:25.711Z","phase":"classified","sessionId":"04a57115-215f-4aad-a451-b2f63d815eaa","grade":"B","echoTriggerDetected":false,"intentReconfirmRequested":false,"matchedKeywords":[],"elapsedMs":7}
{"ts":"2026-05-05T02:07:46.747Z","phase":"no-audit","toolName":"Agent"}
{"ts":"2026-05-05T02:10:53.603Z","phase":"classified","sessionId":"04a57115-215f-4aad-a451-b2f63d815eaa","grade":"B","echoTriggerDetected":false,"intentReconfirmRequested":false,"matchedKeywords":[],"elapsedMs":10}
{"ts":"2026-05-05T02:11:20.308Z","phase":"no-audit","toolName":"Agent"}
{"ts":"2026-05-05T02:11:39.815Z","phase":"no-audit","toolName":"Agent"}
{"ts":"2026-05-05T02:14:14.040Z","phase":"no-audit","toolName":"Agent"}
{"ts":"2026-05-05T03:21:25.626Z","phase":"no-op","reason":"jobs-framing-not-active","sessionId":"c3668fb8-8811-4dbc-8db1-3f93b6fbcec9","grade":"B"}
{"ts":"2026-05-05T03:23:45.123Z","phase":"no-op","reason":"jobs-framing-not-active","sessionId":"c3668fb8-8811-4dbc-8db1-3f93b6fbcec9","grade":"B"}
{"ts":"2026-05-05T03:29:19.931Z","phase":"no-op","reason":"jobs-framing-not-active","sessionId":"c3668fb8-8811-4dbc-8db1-3f93b6fbcec9","grade":"B"}
{"ts":"2026-05-05T03:30:35.027Z","phase":"stale-state-skip","toolName":"Agent","stateSessionId":"04a57115-215f-4aad-a451-b2f63d815eaa","currentSessionId":"c3668fb8-8811-4dbc-8db1-3f93b6fbcec9"}
{"ts":"2026-05-05T03:36:14.130Z","phase":"no-op","reason":"jobs-framing-not-active","sessionId":"c3668fb8-8811-4dbc-8db1-3f93b6fbcec9","grade":"B"}
{"ts":"2026-05-05T03:36:44.751Z","phase":"stale-state-skip","toolName":"Agent","stateSessionId":"04a57115-215f-4aad-a451-b2f63d815eaa","currentSessionId":"c3668fb8-8811-4dbc-8db1-3f93b6fbcec9"}
{"ts":"2026-05-05T03:43:13.311Z","phase":"no-op","reason":"jobs-framing-not-active","sessionId":"c3668fb8-8811-4dbc-8db1-3f93b6fbcec9","grade":"B"}
{"ts":"2026-05-05T03:47:00.179Z","phase":"no-op","reason":"jobs-framing-not-active","sessionId":"c3668fb8-8811-4dbc-8db1-3f93b6fbcec9","grade":"B"}
{"ts":"2026-05-05T03:47:46.491Z","phase":"stale-state-skip","toolName":"Agent","stateSessionId":"04a57115-215f-4aad-a451-b2f63d815eaa","currentSessionId":"c3668fb8-8811-4dbc-8db1-3f93b6fbcec9"}
{"ts":"2026-05-05T03:55:50.731Z","phase":"stale-state-skip","toolName":"Agent","stateSessionId":"04a57115-215f-4aad-a451-b2f63d815eaa","currentSessionId":"c3668fb8-8811-4dbc-8db1-3f93b6fbcec9"}
{"ts":"2026-05-05T03:56:25.978Z","phase":"stale-state-skip","toolName":"Agent","stateSessionId":"04a57115-215f-4aad-a451-b2f63d815eaa","currentSessionId":"c3668fb8-8811-4dbc-8db1-3f93b6fbcec9"}
{"ts":"2026-05-05T03:58:52.582Z","phase":"stale-state-skip","toolName":"Agent","stateSessionId":"04a57115-215f-4aad-a451-b2f63d815eaa","currentSessionId":"c3668fb8-8811-4dbc-8db1-3f93b6fbcec9"}
{"ts":"2026-05-05T04:11:22.701Z","phase":"no-op","reason":"jobs-framing-not-active","sessionId":"6e616ae8-045e-4d42-b1a8-5f83b375748e","grade":"B"}
{"ts":"2026-05-05T04:13:09.815Z","phase":"stale-state-skip","toolName":"Agent","stateSessionId":"04a57115-215f-4aad-a451-b2f63d815eaa","currentSessionId":"6e616ae8-045e-4d42-b1a8-5f83b375748e"}
{"ts":"2026-05-05T04:15:47.598Z","phase":"stale-state-skip","toolName":"Agent","stateSessionId":"04a57115-215f-4aad-a451-b2f63d815eaa","currentSessionId":"6e616ae8-045e-4d42-b1a8-5f83b375748e"}
{"ts":"2026-05-05T04:17:42.377Z","phase":"stale-state-skip","toolName":"Agent","stateSessionId":"04a57115-215f-4aad-a451-b2f63d815eaa","currentSessionId":"6e616ae8-045e-4d42-b1a8-5f83b375748e"}
{"ts":"2026-05-05T04:18:27.408Z","phase":"stale-state-skip","toolName":"Agent","stateSessionId":"04a57115-215f-4aad-a451-b2f63d815eaa","currentSessionId":"6e616ae8-045e-4d42-b1a8-5f83b375748e"}
{"ts":"2026-05-05T04:21:46.938Z","phase":"stale-state-skip","toolName":"Agent","stateSessionId":"04a57115-215f-4aad-a451-b2f63d815eaa","currentSessionId":"6e616ae8-045e-4d42-b1a8-5f83b375748e"}
{"ts":"2026-05-05T04:23:30.034Z","phase":"stale-state-skip","toolName":"Agent","stateSessionId":"04a57115-215f-4aad-a451-b2f63d815eaa","currentSessionId":"6e616ae8-045e-4d42-b1a8-5f83b375748e"}
{"ts":"2026-05-05T04:32:02.796Z","phase":"no-op","reason":"jobs-framing-not-active","sessionId":"6e616ae8-045e-4d42-b1a8-5f83b375748e","grade":"B"}
{"ts":"2026-05-05T04:33:46.379Z","phase":"no-op","reason":"jobs-framing-not-active","sessionId":"6e616ae8-045e-4d42-b1a8-5f83b375748e","grade":"B"}
{"ts":"2026-05-05T04:37:59.461Z","phase":"no-op","reason":"jobs-framing-not-active","sessionId":"6e616ae8-045e-4d42-b1a8-5f83b375748e","grade":"B"}
{"ts":"2026-05-05T04:39:12.202Z","phase":"no-op","reason":"jobs-framing-not-active","sessionId":"6e616ae8-045e-4d42-b1a8-5f83b375748e","grade":"B"}
{"ts":"2026-05-05T04:43:27.612Z","phase":"no-op","reason":"jobs-framing-not-active","sessionId":"6e616ae8-045e-4d42-b1a8-5f83b375748e","grade":"B"}
{"ts":"2026-05-05T04:44:23.616Z","phase":"no-op","reason":"jobs-framing-not-active","sessionId":"6e616ae8-045e-4d42-b1a8-5f83b375748e","grade":"B"}
{"ts":"2026-05-05T04:47:39.384Z","phase":"stale-state-skip","toolName":"Agent","stateSessionId":"04a57115-215f-4aad-a451-b2f63d815eaa","currentSessionId":"6e616ae8-045e-4d42-b1a8-5f83b375748e"}
{"ts":"2026-05-05T04:53:01.619Z","phase":"no-op","reason":"jobs-framing-not-active","sessionId":"d2cf740a-de19-4d77-a2cd-09148de5c5d0","grade":"B"}
{"ts":"2026-05-05T04:54:27.707Z","phase":"stale-state-skip","toolName":"Agent","stateSessionId":"04a57115-215f-4aad-a451-b2f63d815eaa","currentSessionId":"d2cf740a-de19-4d77-a2cd-09148de5c5d0"}
{"ts":"2026-05-05T05:01:01.188Z","phase":"no-op","reason":"jobs-framing-not-active","sessionId":"d2cf740a-de19-4d77-a2cd-09148de5c5d0","grade":"B"}
{"ts":"2026-05-05T05:01:37.451Z","phase":"stale-state-skip","toolName":"Agent","stateSessionId":"04a57115-215f-4aad-a451-b2f63d815eaa","currentSessionId":"d2cf740a-de19-4d77-a2cd-09148de5c5d0"}
{"ts":"2026-05-05T05:09:31.386Z","phase":"no-op","reason":"jobs-framing-not-active","sessionId":"d2cf740a-de19-4d77-a2cd-09148de5c5d0","grade":"B"}
{"ts":"2026-05-05T05:10:10.636Z","phase":"stale-state-skip","toolName":"Agent","stateSessionId":"04a57115-215f-4aad-a451-b2f63d815eaa","currentSessionId":"d2cf740a-de19-4d77-a2cd-09148de5c5d0"}
{"ts":"2026-05-05T05:14:55.299Z","phase":"jobs-framing-activated","sessionId":"d2cf740a-de19-4d77-a2cd-09148de5c5d0","grade":"B"}
{"ts":"2026-05-05T05:15:21.040Z","phase":"no-audit","toolName":"Agent"}
{"ts":"2026-05-05T05:19:18.950Z","phase":"classified","sessionId":"d2cf740a-de19-4d77-a2cd-09148de5c5d0","grade":"B","echoTriggerDetected":false,"intentReconfirmRequested":false,"matchedKeywords":[],"elapsedMs":15}
{"ts":"2026-05-05T05:19:57.934Z","phase":"no-audit","toolName":"Agent"}
{"ts":"2026-05-05T05:25:22.124Z","phase":"no-audit","toolName":"Agent"}
{"ts":"2026-05-05T05:34:46.708Z","phase":"classified","sessionId":"d2cf740a-de19-4d77-a2cd-09148de5c5d0","grade":"B","echoTriggerDetected":false,"intentReconfirmRequested":true,"matchedKeywords":["계속"],"elapsedMs":8}
{"ts":"2026-05-05T05:34:46.708Z","phase":"audit-emit","source":"UserPromptSubmit","echoTriggerDetected":false,"intentReconfirmRequested":true,"matchedKeywords":["계속"]}
{"ts":"2026-05-05T05:36:25.178Z","phase":"classified","sessionId":"d2cf740a-de19-4d77-a2cd-09148de5c5d0","grade":"B","echoTriggerDetected":false,"intentReconfirmRequested":false,"matchedKeywords":[],"elapsedMs":12}
{"ts":"2026-05-05T05:37:02.794Z","phase":"classified","sessionId":"d2cf740a-de19-4d77-a2cd-09148de5c5d0","grade":"B","echoTriggerDetected":false,"intentReconfirmRequested":false,"matchedKeywords":[],"elapsedMs":8}
{"ts":"2026-05-05T05:38:49.137Z","phase":"no-op","reason":"jobs-framing-not-active","sessionId":"8b50fe06-e5d6-4047-9c6d-1ec0b7c9b6f4","grade":"B"}
{"ts":"2026-05-05T05:41:23.705Z","phase":"no-op","reason":"jobs-framing-not-active","sessionId":"8b50fe06-e5d6-4047-9c6d-1ec0b7c9b6f4","grade":"B"}
{"ts":"2026-05-05T05:41:58.804Z","phase":"stale-state-skip","toolName":"Agent","stateSessionId":"d2cf740a-de19-4d77-a2cd-09148de5c5d0","currentSessionId":"8b50fe06-e5d6-4047-9c6d-1ec0b7c9b6f4"}
{"ts":"2026-05-05T05:45:42.355Z","phase":"stale-state-skip","toolName":"Agent","stateSessionId":"d2cf740a-de19-4d77-a2cd-09148de5c5d0","currentSessionId":"8b50fe06-e5d6-4047-9c6d-1ec0b7c9b6f4"}
{"ts":"2026-05-05T05:48:59.490Z","phase":"no-op","reason":"jobs-framing-not-active","sessionId":"8b50fe06-e5d6-4047-9c6d-1ec0b7c9b6f4","grade":"B"}
{"ts":"2026-05-05T05:51:09.129Z","phase":"no-op","reason":"jobs-framing-not-active","sessionId":"8b50fe06-e5d6-4047-9c6d-1ec0b7c9b6f4","grade":"B"}
{"ts":"2026-05-05T05:51:43.201Z","phase":"stale-state-skip","toolName":"Agent","stateSessionId":"d2cf740a-de19-4d77-a2cd-09148de5c5d0","currentSessionId":"8b50fe06-e5d6-4047-9c6d-1ec0b7c9b6f4"}
{"ts":"2026-05-05T05:56:14.781Z","phase":"stale-state-skip","toolName":"Agent","stateSessionId":"d2cf740a-de19-4d77-a2cd-09148de5c5d0","currentSessionId":"8b50fe06-e5d6-4047-9c6d-1ec0b7c9b6f4"}
{"ts":"2026-05-05T06:00:03.843Z","phase":"stale-state-skip","toolName":"Agent","stateSessionId":"d2cf740a-de19-4d77-a2cd-09148de5c5d0","currentSessionId":"8b50fe06-e5d6-4047-9c6d-1ec0b7c9b6f4"}
{"ts":"2026-05-05T06:01:35.036Z","phase":"stale-state-skip","toolName":"Agent","stateSessionId":"d2cf740a-de19-4d77-a2cd-09148de5c5d0","currentSessionId":"8b50fe06-e5d6-4047-9c6d-1ec0b7c9b6f4"}
{"ts":"2026-05-05T06:11:06.759Z","phase":"no-op","reason":"jobs-framing-not-active","sessionId":"8b50fe06-e5d6-4047-9c6d-1ec0b7c9b6f4","grade":"B"}
{"ts":"2026-05-05T06:15:50.518Z","phase":"no-op","reason":"jobs-framing-not-active","sessionId":"8b50fe06-e5d6-4047-9c6d-1ec0b7c9b6f4","grade":"B"}
{"ts":"2026-05-05T11:23:04.872Z","phase":"no-op","reason":"jobs-framing-not-active","sessionId":"aa63c3ec-4478-446e-b8a1-853b7ffc24e5","grade":"B"}
{"ts":"2026-05-05T11:25:22.271Z","phase":"no-op","reason":"jobs-framing-not-active","sessionId":"aa63c3ec-4478-446e-b8a1-853b7ffc24e5","grade":"B"}
{"ts":"2026-05-05T11:25:41.666Z","phase":"stale-state-skip","toolName":"Agent","stateSessionId":"d2cf740a-de19-4d77-a2cd-09148de5c5d0","currentSessionId":"aa63c3ec-4478-446e-b8a1-853b7ffc24e5"}
{"ts":"2026-05-05T11:28:46.116Z","phase":"no-op","reason":"jobs-framing-not-active","sessionId":"aa63c3ec-4478-446e-b8a1-853b7ffc24e5","grade":"B"}
{"ts":"2026-05-05T11:29:15.407Z","phase":"stale-state-skip","toolName":"Agent","stateSessionId":"d2cf740a-de19-4d77-a2cd-09148de5c5d0","currentSessionId":"aa63c3ec-4478-446e-b8a1-853b7ffc24e5"}
{"ts":"2026-05-05T11:35:56.457Z","phase":"no-op","reason":"jobs-framing-not-active","sessionId":"aa63c3ec-4478-446e-b8a1-853b7ffc24e5","grade":"B"}
{"ts":"2026-05-05T11:36:19.551Z","phase":"stale-state-skip","toolName":"Agent","stateSessionId":"d2cf740a-de19-4d77-a2cd-09148de5c5d0","currentSessionId":"aa63c3ec-4478-446e-b8a1-853b7ffc24e5"}
{"ts":"2026-05-05T11:43:05.242Z","phase":"no-op","reason":"jobs-framing-not-active","sessionId":"aa63c3ec-4478-446e-b8a1-853b7ffc24e5","grade":"B"}
{"ts":"2026-05-05T11:43:29.541Z","phase":"stale-state-skip","toolName":"Agent","stateSessionId":"d2cf740a-de19-4d77-a2cd-09148de5c5d0","currentSessionId":"aa63c3ec-4478-446e-b8a1-853b7ffc24e5"}
{"ts":"2026-05-05T11:49:30.604Z","phase":"no-op","reason":"jobs-framing-not-active","sessionId":"aa63c3ec-4478-446e-b8a1-853b7ffc24e5","grade":"B"}
{"ts":"2026-05-05T11:50:01.959Z","phase":"stale-state-skip","toolName":"Agent","stateSessionId":"d2cf740a-de19-4d77-a2cd-09148de5c5d0","currentSessionId":"aa63c3ec-4478-446e-b8a1-853b7ffc24e5"}
{"ts":"2026-05-05T11:53:51.348Z","phase":"no-op","reason":"jobs-framing-not-active","sessionId":"aa63c3ec-4478-446e-b8a1-853b7ffc24e5","grade":"B"}
{"ts":"2026-05-05T11:54:11.682Z","phase":"stale-state-skip","toolName":"Agent","stateSessionId":"d2cf740a-de19-4d77-a2cd-09148de5c5d0","currentSessionId":"aa63c3ec-4478-446e-b8a1-853b7ffc24e5"}
{"ts":"2026-05-05T11:57:17.347Z","phase":"no-op","reason":"jobs-framing-not-active","sessionId":"aa63c3ec-4478-446e-b8a1-853b7ffc24e5","grade":"B"}
{"ts":"2026-05-05T11:57:39.068Z","phase":"stale-state-skip","toolName":"Agent","stateSessionId":"d2cf740a-de19-4d77-a2cd-09148de5c5d0","currentSessionId":"aa63c3ec-4478-446e-b8a1-853b7ffc24e5"}
{"ts":"2026-05-05T12:00:37.499Z","phase":"no-op","reason":"jobs-framing-not-active","sessionId":"aa63c3ec-4478-446e-b8a1-853b7ffc24e5","grade":"B"}
{"ts":"2026-05-05T12:03:46.164Z","phase":"no-op","reason":"jobs-framing-not-active","sessionId":"aa63c3ec-4478-446e-b8a1-853b7ffc24e5","grade":"B"}
{"ts":"2026-05-05T12:09:10.358Z","phase":"no-op","reason":"jobs-framing-not-active","sessionId":"aa63c3ec-4478-446e-b8a1-853b7ffc24e5","grade":"B"}
{"ts":"2026-05-05T12:09:51.086Z","phase":"no-op","reason":"jobs-framing-not-active","sessionId":"aa63c3ec-4478-446e-b8a1-853b7ffc24e5","grade":"B"}
{"ts":"2026-05-05T12:11:14.231Z","phase":"no-op","reason":"jobs-framing-not-active","sessionId":"aa63c3ec-4478-446e-b8a1-853b7ffc24e5","grade":"B"}
{"ts":"2026-05-05T12:12:34.170Z","phase":"no-op","reason":"jobs-framing-not-active","sessionId":"aa63c3ec-4478-446e-b8a1-853b7ffc24e5","grade":"B"}
{"ts":"2026-05-05T12:16:38.102Z","phase":"no-op","reason":"jobs-framing-not-active","sessionId":"aa63c3ec-4478-446e-b8a1-853b7ffc24e5","grade":"B"}
{"ts":"2026-05-05T12:18:08.156Z","phase":"no-op","reason":"jobs-framing-not-active","sessionId":"aa63c3ec-4478-446e-b8a1-853b7ffc24e5","grade":"B"}
{"ts":"2026-05-05T12:19:26.579Z","phase":"no-op","reason":"jobs-framing-not-active","sessionId":"aa63c3ec-4478-446e-b8a1-853b7ffc24e5","grade":"B"}
{"ts":"2026-05-05T12:19:44.384Z","phase":"stale-state-skip","toolName":"Agent","stateSessionId":"d2cf740a-de19-4d77-a2cd-09148de5c5d0","currentSessionId":"aa63c3ec-4478-446e-b8a1-853b7ffc24e5"}
{"ts":"2026-05-05T12:20:18.644Z","phase":"stale-state-skip","toolName":"Agent","stateSessionId":"d2cf740a-de19-4d77-a2cd-09148de5c5d0","currentSessionId":"aa63c3ec-4478-446e-b8a1-853b7ffc24e5"}
{"ts":"2026-05-06T00:00:19.478Z","phase":"no-op","reason":"jobs-framing-not-active","sessionId":"c986d91f-324a-4f5f-b768-699b184b3c59","grade":"B"}
{"ts":"2026-05-06T00:15:40.724Z","phase":"no-op","reason":"grade-mismatch","grade":"C"}
{"ts":"2026-05-06T00:24:42.370Z","phase":"no-op","reason":"jobs-framing-not-active","sessionId":"f6c1ddfe-c0de-49d5-b74e-66688ef96fea","grade":"B"}
{"ts":"2026-05-06T00:26:47.118Z","phase":"no-op","reason":"jobs-framing-not-active","sessionId":"f6c1ddfe-c0de-49d5-b74e-66688ef96fea","grade":"B"}
{"ts":"2026-05-06T00:27:31.534Z","phase":"no-op","reason":"jobs-framing-not-active","sessionId":"f6c1ddfe-c0de-49d5-b74e-66688ef96fea","grade":"B"}
{"ts":"2026-05-06T00:28:12.377Z","phase":"stale-state-skip","toolName":"Agent","stateSessionId":"d2cf740a-de19-4d77-a2cd-09148de5c5d0","currentSessionId":"f6c1ddfe-c0de-49d5-b74e-66688ef96fea"}
{"ts":"2026-05-06T00:29:19.941Z","phase":"stale-state-skip","toolName":"Agent","stateSessionId":"d2cf740a-de19-4d77-a2cd-09148de5c5d0","currentSessionId":"f6c1ddfe-c0de-49d5-b74e-66688ef96fea"}
{"ts":"2026-05-06T00:46:01.369Z","phase":"no-op","reason":"jobs-framing-not-active","sessionId":"8c77e508-c003-4c80-8cf1-82609fc31e42","grade":"B"}
{"ts":"2026-05-06T00:48:43.767Z","phase":"no-op","reason":"jobs-framing-not-active","sessionId":"8c77e508-c003-4c80-8cf1-82609fc31e42","grade":"B"}
{"ts":"2026-05-06T00:49:03.454Z","phase":"stale-state-skip","toolName":"Agent","stateSessionId":"d2cf740a-de19-4d77-a2cd-09148de5c5d0","currentSessionId":"8c77e508-c003-4c80-8cf1-82609fc31e42"}
{"ts":"2026-05-06T00:52:48.510Z","phase":"stale-state-skip","toolName":"Agent","stateSessionId":"d2cf740a-de19-4d77-a2cd-09148de5c5d0","currentSessionId":"8c77e508-c003-4c80-8cf1-82609fc31e42"}
{"ts":"2026-05-06T01:05:51.962Z","phase":"no-op","reason":"jobs-framing-not-active","sessionId":"8c77e508-c003-4c80-8cf1-82609fc31e42","grade":"B"}
{"ts":"2026-05-06T01:06:28.482Z","phase":"stale-state-skip","toolName":"Agent","stateSessionId":"d2cf740a-de19-4d77-a2cd-09148de5c5d0","currentSessionId":"8c77e508-c003-4c80-8cf1-82609fc31e42"}
{"ts":"2026-05-06T01:13:26.213Z","phase":"no-op","reason":"jobs-framing-not-active","sessionId":"8c77e508-c003-4c80-8cf1-82609fc31e42","grade":"B"}
{"ts":"2026-05-06T01:13:48.708Z","phase":"stale-state-skip","toolName":"Agent","stateSessionId":"d2cf740a-de19-4d77-a2cd-09148de5c5d0","currentSessionId":"8c77e508-c003-4c80-8cf1-82609fc31e42"}
{"ts":"2026-05-06T01:17:31.864Z","phase":"no-op","reason":"jobs-framing-not-active","sessionId":"8c77e508-c003-4c80-8cf1-82609fc31e42","grade":"B"}
{"ts":"2026-05-06T01:18:02.436Z","phase":"stale-state-skip","toolName":"Agent","stateSessionId":"d2cf740a-de19-4d77-a2cd-09148de5c5d0","currentSessionId":"8c77e508-c003-4c80-8cf1-82609fc31e42"}
{"ts":"2026-05-06T01:23:19.927Z","phase":"no-op","reason":"jobs-framing-not-active","sessionId":"8c77e508-c003-4c80-8cf1-82609fc31e42","grade":"B"}
{"ts":"2026-05-06T01:25:23.518Z","phase":"no-op","reason":"jobs-framing-not-active","sessionId":"8c77e508-c003-4c80-8cf1-82609fc31e42","grade":"B"}
{"ts":"2026-05-06T01:26:33.453Z","phase":"no-op","reason":"jobs-framing-not-active","sessionId":"8c77e508-c003-4c80-8cf1-82609fc31e42","grade":"B"}
{"ts":"2026-05-06T01:28:49.546Z","phase":"no-op","reason":"jobs-framing-not-active","sessionId":"8c77e508-c003-4c80-8cf1-82609fc31e42","grade":"B"}
{"ts":"2026-05-06T01:36:28.518Z","phase":"no-op","reason":"jobs-framing-not-active","sessionId":"8c77e508-c003-4c80-8cf1-82609fc31e42","grade":"B"}
{"ts":"2026-05-06T01:51:09.669Z","phase":"no-op","reason":"jobs-framing-not-active","sessionId":"8c77e508-c003-4c80-8cf1-82609fc31e42","grade":"B"}
{"ts":"2026-05-06T01:54:05.498Z","phase":"no-op","reason":"jobs-framing-not-active","sessionId":"8c77e508-c003-4c80-8cf1-82609fc31e42","grade":"B"}
{"ts":"2026-05-06T01:58:11.716Z","phase":"no-op","reason":"jobs-framing-not-active","sessionId":"8c77e508-c003-4c80-8cf1-82609fc31e42","grade":"B"}
{"ts":"2026-05-06T01:59:18.072Z","phase":"stale-state-skip","toolName":"Agent","stateSessionId":"d2cf740a-de19-4d77-a2cd-09148de5c5d0","currentSessionId":"8c77e508-c003-4c80-8cf1-82609fc31e42"}
{"ts":"2026-05-06T02:40:02.157Z","phase":"no-op","reason":"jobs-framing-not-active","sessionId":"8c77e508-c003-4c80-8cf1-82609fc31e42","grade":"B"}
{"ts":"2026-05-06T02:42:45.084Z","phase":"no-op","reason":"jobs-framing-not-active","sessionId":"8c77e508-c003-4c80-8cf1-82609fc31e42","grade":"B"}
{"ts":"2026-05-06T02:44:32.326Z","phase":"no-op","reason":"jobs-framing-not-active","sessionId":"8c77e508-c003-4c80-8cf1-82609fc31e42","grade":"B"}
{"ts":"2026-05-06T02:48:25.441Z","phase":"no-op","reason":"jobs-framing-not-active","sessionId":"8c77e508-c003-4c80-8cf1-82609fc31e42","grade":"B"}
{"ts":"2026-05-06T02:53:17.721Z","phase":"no-op","reason":"jobs-framing-not-active","sessionId":"8c77e508-c003-4c80-8cf1-82609fc31e42","grade":"B"}
{"ts":"2026-05-06T02:59:12.604Z","phase":"no-op","reason":"jobs-framing-not-active","sessionId":"8c77e508-c003-4c80-8cf1-82609fc31e42","grade":"B"}
{"ts":"2026-05-06T03:10:59.909Z","phase":"no-op","reason":"jobs-framing-not-active","sessionId":"8c77e508-c003-4c80-8cf1-82609fc31e42","grade":"B"}
{"ts":"2026-05-06T04:03:08.356Z","phase":"no-op","reason":"jobs-framing-not-active","sessionId":"8c77e508-c003-4c80-8cf1-82609fc31e42","grade":"B"}
{"ts":"2026-05-06T04:10:28.539Z","phase":"no-op","reason":"jobs-framing-not-active","sessionId":"8c77e508-c003-4c80-8cf1-82609fc31e42","grade":"B"}
{"ts":"2026-05-06T04:13:40.093Z","phase":"no-op","reason":"jobs-framing-not-active","sessionId":"8c77e508-c003-4c80-8cf1-82609fc31e42","grade":"B"}
{"ts":"2026-05-06T04:14:50.417Z","phase":"no-op","reason":"jobs-framing-not-active","sessionId":"8c77e508-c003-4c80-8cf1-82609fc31e42","grade":"B"}
{"ts":"2026-05-06T04:15:25.249Z","phase":"no-op","reason":"jobs-framing-not-active","sessionId":"8c77e508-c003-4c80-8cf1-82609fc31e42","grade":"B"}
{"ts":"2026-05-06T04:15:57.216Z","phase":"no-op","reason":"jobs-framing-not-active","sessionId":"8c77e508-c003-4c80-8cf1-82609fc31e42","grade":"B"}
{"ts":"2026-05-06T04:19:58.222Z","phase":"no-op","reason":"jobs-framing-not-active","sessionId":"8c77e508-c003-4c80-8cf1-82609fc31e42","grade":"B"}
{"ts":"2026-05-06T04:25:45.386Z","phase":"no-op","reason":"jobs-framing-not-active","sessionId":"8c77e508-c003-4c80-8cf1-82609fc31e42","grade":"B"}
{"ts":"2026-05-06T04:26:24.844Z","phase":"stale-state-skip","toolName":"Agent","stateSessionId":"d2cf740a-de19-4d77-a2cd-09148de5c5d0","currentSessionId":"8c77e508-c003-4c80-8cf1-82609fc31e42"}
{"ts":"2026-05-06T04:27:47.480Z","phase":"stale-state-skip","toolName":"Agent","stateSessionId":"d2cf740a-de19-4d77-a2cd-09148de5c5d0","currentSessionId":"8c77e508-c003-4c80-8cf1-82609fc31e42"}
{"ts":"2026-05-06T04:35:37.501Z","phase":"no-op","reason":"jobs-framing-not-active","sessionId":"8c77e508-c003-4c80-8cf1-82609fc31e42","grade":"B"}
{"ts":"2026-05-06T04:37:16.270Z","phase":"no-op","reason":"jobs-framing-not-active","sessionId":"8c77e508-c003-4c80-8cf1-82609fc31e42","grade":"B"}
{"ts":"2026-05-06T14:15:51.766Z","phase":"no-op","reason":"jobs-framing-not-active","sessionId":"9c3a92b3-d09d-4259-a7a8-1416d79cf9a0","grade":"B"}
{"ts":"2026-05-06T14:17:23.406Z","phase":"no-op","reason":"jobs-framing-not-active","sessionId":"9c3a92b3-d09d-4259-a7a8-1416d79cf9a0","grade":"S"}
{"ts":"2026-05-06T14:23:28.407Z","phase":"no-op","reason":"jobs-framing-not-active","sessionId":"9c3a92b3-d09d-4259-a7a8-1416d79cf9a0","grade":"S"}
{"ts":"2026-05-06T14:24:07.184Z","phase":"stale-state-skip","toolName":"Agent","stateSessionId":"d2cf740a-de19-4d77-a2cd-09148de5c5d0","currentSessionId":"9c3a92b3-d09d-4259-a7a8-1416d79cf9a0"}
{"ts":"2026-05-06T14:28:30.300Z","phase":"no-op","reason":"jobs-framing-not-active","sessionId":"9c3a92b3-d09d-4259-a7a8-1416d79cf9a0","grade":"S"}
{"ts":"2026-05-06T14:29:03.852Z","phase":"stale-state-skip","toolName":"Agent","stateSessionId":"d2cf740a-de19-4d77-a2cd-09148de5c5d0","currentSessionId":"9c3a92b3-d09d-4259-a7a8-1416d79cf9a0"}
{"ts":"2026-05-06T14:33:21.150Z","phase":"no-op","reason":"jobs-framing-not-active","sessionId":"9c3a92b3-d09d-4259-a7a8-1416d79cf9a0","grade":"S"}
{"ts":"2026-05-06T14:34:10.097Z","phase":"stale-state-skip","toolName":"Agent","stateSessionId":"d2cf740a-de19-4d77-a2cd-09148de5c5d0","currentSessionId":"9c3a92b3-d09d-4259-a7a8-1416d79cf9a0"}
{"ts":"2026-05-06T14:37:20.645Z","phase":"no-op","reason":"jobs-framing-not-active","sessionId":"9c3a92b3-d09d-4259-a7a8-1416d79cf9a0","grade":"S"}
{"ts":"2026-05-06T14:38:23.765Z","phase":"stale-state-skip","toolName":"Agent","stateSessionId":"d2cf740a-de19-4d77-a2cd-09148de5c5d0","currentSessionId":"9c3a92b3-d09d-4259-a7a8-1416d79cf9a0"}
{"ts":"2026-05-06T14:45:48.641Z","phase":"no-op","reason":"jobs-framing-not-active","sessionId":"9c3a92b3-d09d-4259-a7a8-1416d79cf9a0","grade":"S"}
{"ts":"2026-05-06T14:46:49.611Z","phase":"stale-state-skip","toolName":"Agent","stateSessionId":"d2cf740a-de19-4d77-a2cd-09148de5c5d0","currentSessionId":"9c3a92b3-d09d-4259-a7a8-1416d79cf9a0"}
{"ts":"2026-05-06T14:53:56.068Z","phase":"no-op","reason":"jobs-framing-not-active","sessionId":"9c3a92b3-d09d-4259-a7a8-1416d79cf9a0","grade":"S"}
{"ts":"2026-05-06T14:55:46.283Z","phase":"stale-state-skip","toolName":"Agent","stateSessionId":"d2cf740a-de19-4d77-a2cd-09148de5c5d0","currentSessionId":"9c3a92b3-d09d-4259-a7a8-1416d79cf9a0"}
{"ts":"2026-05-06T14:57:15.964Z","phase":"no-op","reason":"jobs-framing-not-active","sessionId":"9c3a92b3-d09d-4259-a7a8-1416d79cf9a0","grade":"S"}
{"ts":"2026-05-06T15:13:51.902Z","phase":"no-op","reason":"jobs-framing-not-active","sessionId":"9c3a92b3-d09d-4259-a7a8-1416d79cf9a0","grade":"S"}
{"ts":"2026-05-06T15:15:08.079Z","phase":"no-op","reason":"jobs-framing-not-active","sessionId":"9c3a92b3-d09d-4259-a7a8-1416d79cf9a0","grade":"S"}
{"ts":"2026-05-06T15:15:30.477Z","phase":"jobs-framing-activated","sessionId":"9c3a92b3-d09d-4259-a7a8-1416d79cf9a0","grade":"S"}
{"ts":"2026-05-06T15:16:33.246Z","phase":"no-audit","toolName":"Agent"}
{"ts":"2026-05-06T15:21:58.527Z","phase":"classified","sessionId":"9c3a92b3-d09d-4259-a7a8-1416d79cf9a0","grade":"S","echoTriggerDetected":false,"intentReconfirmRequested":false,"matchedKeywords":[],"elapsedMs":7}
{"ts":"2026-05-06T15:23:00.466Z","phase":"no-audit","toolName":"Agent"}
{"ts":"2026-05-06T15:24:53.659Z","phase":"classified","sessionId":"9c3a92b3-d09d-4259-a7a8-1416d79cf9a0","grade":"S","echoTriggerDetected":false,"intentReconfirmRequested":false,"matchedKeywords":[],"elapsedMs":8}
{"ts":"2026-05-06T15:31:42.254Z","phase":"classified","sessionId":"9c3a92b3-d09d-4259-a7a8-1416d79cf9a0","grade":"S","echoTriggerDetected":false,"intentReconfirmRequested":false,"matchedKeywords":[],"elapsedMs":7}
{"ts":"2026-05-06T15:40:40.348Z","phase":"classified","sessionId":"9c3a92b3-d09d-4259-a7a8-1416d79cf9a0","grade":"S","echoTriggerDetected":false,"intentReconfirmRequested":false,"matchedKeywords":[],"elapsedMs":7}
{"ts":"2026-05-06T15:44:37.863Z","phase":"classified","sessionId":"9c3a92b3-d09d-4259-a7a8-1416d79cf9a0","grade":"S","echoTriggerDetected":false,"intentReconfirmRequested":false,"matchedKeywords":[],"elapsedMs":8}
{"ts":"2026-05-06T15:44:58.017Z","phase":"classified","sessionId":"9c3a92b3-d09d-4259-a7a8-1416d79cf9a0","grade":"S","echoTriggerDetected":false,"intentReconfirmRequested":false,"matchedKeywords":[],"elapsedMs":8}
{"ts":"2026-05-06T15:46:45.830Z","phase":"classified","sessionId":"9c3a92b3-d09d-4259-a7a8-1416d79cf9a0","grade":"S","echoTriggerDetected":false,"intentReconfirmRequested":false,"matchedKeywords":[],"elapsedMs":7}
{"ts":"2026-05-06T15:46:58.391Z","phase":"classified","sessionId":"9c3a92b3-d09d-4259-a7a8-1416d79cf9a0","grade":"S","echoTriggerDetected":false,"intentReconfirmRequested":false,"matchedKeywords":[],"elapsedMs":46}
{"ts":"2026-05-06T15:59:33.037Z","phase":"classified","sessionId":"9c3a92b3-d09d-4259-a7a8-1416d79cf9a0","grade":"S","echoTriggerDetected":false,"intentReconfirmRequested":false,"matchedKeywords":[],"elapsedMs":45}
{"ts":"2026-05-06T23:03:14.542Z","phase":"no-op","reason":"jobs-framing-not-active","sessionId":"647f785d-ef17-4cee-b696-ce06eba499d1","grade":"S"}
{"ts":"2026-05-06T23:11:30.189Z","phase":"no-op","reason":"jobs-framing-not-active","sessionId":"647f785d-ef17-4cee-b696-ce06eba499d1","grade":"S"}
{"ts":"2026-05-06T23:22:50.795Z","phase":"no-op","reason":"jobs-framing-not-active","sessionId":"9f72b782-a4fb-4f7a-93fc-10f465bdc9b8","grade":"S"}
{"ts":"2026-05-06T23:45:48.184Z","phase":"no-op","reason":"jobs-framing-not-active","sessionId":"9f72b782-a4fb-4f7a-93fc-10f465bdc9b8","grade":"S"}
{"ts":"2026-05-06T23:46:16.792Z","phase":"stale-state-skip","toolName":"Agent","stateSessionId":"9c3a92b3-d09d-4259-a7a8-1416d79cf9a0","currentSessionId":"9f72b782-a4fb-4f7a-93fc-10f465bdc9b8"}
{"ts":"2026-05-06T23:46:33.809Z","phase":"stale-state-skip","toolName":"Agent","stateSessionId":"9c3a92b3-d09d-4259-a7a8-1416d79cf9a0","currentSessionId":"9f72b782-a4fb-4f7a-93fc-10f465bdc9b8"}
{"ts":"2026-05-06T23:55:48.391Z","phase":"no-op","reason":"jobs-framing-not-active","sessionId":"9f72b782-a4fb-4f7a-93fc-10f465bdc9b8","grade":"S"}
{"ts":"2026-05-06T23:57:19.409Z","phase":"no-op","reason":"jobs-framing-not-active","sessionId":"9f72b782-a4fb-4f7a-93fc-10f465bdc9b8","grade":"S"}
{"ts":"2026-05-06T23:58:28.497Z","phase":"no-op","reason":"jobs-framing-not-active","sessionId":"9f72b782-a4fb-4f7a-93fc-10f465bdc9b8","grade":"S"}
{"ts":"2026-05-06T23:59:18.611Z","phase":"stale-state-skip","toolName":"Agent","stateSessionId":"9c3a92b3-d09d-4259-a7a8-1416d79cf9a0","currentSessionId":"9f72b782-a4fb-4f7a-93fc-10f465bdc9b8"}
{"ts":"2026-05-07T02:59:12.466Z","phase":"no-op","reason":"jobs-framing-not-active","sessionId":"9f72b782-a4fb-4f7a-93fc-10f465bdc9b8","grade":"S"}
{"ts":"2026-05-07T03:02:18.686Z","phase":"no-op","reason":"jobs-framing-not-active","sessionId":"9f72b782-a4fb-4f7a-93fc-10f465bdc9b8","grade":"S"}
{"ts":"2026-05-07T03:02:58.736Z","phase":"stale-state-skip","toolName":"Agent","stateSessionId":"9c3a92b3-d09d-4259-a7a8-1416d79cf9a0","currentSessionId":"9f72b782-a4fb-4f7a-93fc-10f465bdc9b8"}
{"ts":"2026-05-07T03:05:17.331Z","phase":"no-op","reason":"jobs-framing-not-active","sessionId":"9f72b782-a4fb-4f7a-93fc-10f465bdc9b8","grade":"S"}
{"ts":"2026-05-07T03:06:07.247Z","phase":"stale-state-skip","toolName":"Agent","stateSessionId":"9c3a92b3-d09d-4259-a7a8-1416d79cf9a0","currentSessionId":"9f72b782-a4fb-4f7a-93fc-10f465bdc9b8"}
{"ts":"2026-05-07T03:13:05.364Z","phase":"no-op","reason":"jobs-framing-not-active","sessionId":"9f72b782-a4fb-4f7a-93fc-10f465bdc9b8","grade":"S"}
{"ts":"2026-05-07T03:14:56.470Z","phase":"no-op","reason":"jobs-framing-not-active","sessionId":"9f72b782-a4fb-4f7a-93fc-10f465bdc9b8","grade":"S"}
{"ts":"2026-05-07T03:15:31.428Z","phase":"stale-state-skip","toolName":"Agent","stateSessionId":"9c3a92b3-d09d-4259-a7a8-1416d79cf9a0","currentSessionId":"9f72b782-a4fb-4f7a-93fc-10f465bdc9b8"}
{"ts":"2026-05-07T03:19:35.365Z","phase":"no-op","reason":"jobs-framing-not-active","sessionId":"9f72b782-a4fb-4f7a-93fc-10f465bdc9b8","grade":"S"}
{"ts":"2026-05-07T03:36:42.136Z","phase":"no-op","reason":"jobs-framing-not-active","sessionId":"9f72b782-a4fb-4f7a-93fc-10f465bdc9b8","grade":"S"}
{"ts":"2026-05-07T03:51:05.362Z","phase":"no-op","reason":"jobs-framing-not-active","sessionId":"9f72b782-a4fb-4f7a-93fc-10f465bdc9b8","grade":"S"}
{"ts":"2026-05-07T03:52:54.888Z","phase":"no-op","reason":"jobs-framing-not-active","sessionId":"9f72b782-a4fb-4f7a-93fc-10f465bdc9b8","grade":"S"}
{"ts":"2026-05-07T04:00:10.023Z","phase":"no-op","reason":"jobs-framing-not-active","sessionId":"8c3b72fd-9c4d-4997-ae46-ea66f1518504","grade":"S"}
{"ts":"2026-05-07T04:34:57.983Z","phase":"no-op","reason":"jobs-framing-not-active","sessionId":"8c3b72fd-9c4d-4997-ae46-ea66f1518504","grade":"S"}
{"ts":"2026-05-07T04:39:30.525Z","phase":"no-op","reason":"jobs-framing-not-active","sessionId":"8c3b72fd-9c4d-4997-ae46-ea66f1518504","grade":"S"}
{"ts":"2026-05-07T06:09:46.099Z","phase":"no-op","reason":"jobs-framing-not-active","sessionId":"8c3b72fd-9c4d-4997-ae46-ea66f1518504","grade":"S"}
{"ts":"2026-05-07T06:10:55.832Z","phase":"stale-state-skip","toolName":"Agent","stateSessionId":"9c3a92b3-d09d-4259-a7a8-1416d79cf9a0","currentSessionId":"8c3b72fd-9c4d-4997-ae46-ea66f1518504"}
{"ts":"2026-05-07T06:11:18.287Z","phase":"stale-state-skip","toolName":"Agent","stateSessionId":"9c3a92b3-d09d-4259-a7a8-1416d79cf9a0","currentSessionId":"8c3b72fd-9c4d-4997-ae46-ea66f1518504"}
{"ts":"2026-05-07T06:14:50.292Z","phase":"no-op","reason":"jobs-framing-not-active","sessionId":"8c3b72fd-9c4d-4997-ae46-ea66f1518504","grade":"S"}
{"ts":"2026-05-07T06:20:16.851Z","phase":"no-op","reason":"jobs-framing-not-active","sessionId":"8c3b72fd-9c4d-4997-ae46-ea66f1518504","grade":"S"}
{"ts":"2026-05-07T06:24:12.245Z","phase":"no-op","reason":"jobs-framing-not-active","sessionId":"8c3b72fd-9c4d-4997-ae46-ea66f1518504","grade":"S"}
{"ts":"2026-05-07T06:26:21.724Z","phase":"no-op","reason":"jobs-framing-not-active","sessionId":"8c3b72fd-9c4d-4997-ae46-ea66f1518504","grade":"S"}
{"ts":"2026-05-07T06:34:48.463Z","phase":"stale-state-skip","toolName":"Agent","stateSessionId":"9c3a92b3-d09d-4259-a7a8-1416d79cf9a0","currentSessionId":"8c3b72fd-9c4d-4997-ae46-ea66f1518504"}
{"ts":"2026-05-07T11:33:50.590Z","phase":"no-op","reason":"jobs-framing-not-active","sessionId":"8c3b72fd-9c4d-4997-ae46-ea66f1518504","grade":"S"}
{"ts":"2026-05-07T11:34:48.964Z","phase":"stale-state-skip","toolName":"Agent","stateSessionId":"9c3a92b3-d09d-4259-a7a8-1416d79cf9a0","currentSessionId":"8c3b72fd-9c4d-4997-ae46-ea66f1518504"}
{"ts":"2026-05-07T12:31:40.923Z","phase":"no-op","reason":"jobs-framing-not-active","sessionId":"8c3b72fd-9c4d-4997-ae46-ea66f1518504","grade":"S"}
{"ts":"2026-05-07T12:32:52.256Z","phase":"stale-state-skip","toolName":"Agent","stateSessionId":"9c3a92b3-d09d-4259-a7a8-1416d79cf9a0","currentSessionId":"8c3b72fd-9c4d-4997-ae46-ea66f1518504"}
{"ts":"2026-05-07T12:34:41.976Z","phase":"stale-state-skip","toolName":"Agent","stateSessionId":"9c3a92b3-d09d-4259-a7a8-1416d79cf9a0","currentSessionId":"8c3b72fd-9c4d-4997-ae46-ea66f1518504"}
{"ts":"2026-05-07T12:35:57.637Z","phase":"stale-state-skip","toolName":"Agent","stateSessionId":"9c3a92b3-d09d-4259-a7a8-1416d79cf9a0","currentSessionId":"8c3b72fd-9c4d-4997-ae46-ea66f1518504"}
{"ts":"2026-05-07T14:21:21.101Z","phase":"no-op","reason":"jobs-framing-not-active","sessionId":"01a5b41b-bd7b-43be-8454-e7427d5142f3","grade":"S"}
{"ts":"2026-05-07T14:23:27.598Z","phase":"no-op","reason":"jobs-framing-not-active","sessionId":"01a5b41b-bd7b-43be-8454-e7427d5142f3","grade":"S"}
{"ts":"2026-05-07T14:35:10.242Z","phase":"no-op","reason":"jobs-framing-not-active","sessionId":"01a5b41b-bd7b-43be-8454-e7427d5142f3","grade":"S"}
{"ts":"2026-05-07T14:38:17.266Z","phase":"no-op","reason":"jobs-framing-not-active","sessionId":"01a5b41b-bd7b-43be-8454-e7427d5142f3","grade":"S"}
{"ts":"2026-05-07T14:41:17.224Z","phase":"no-op","reason":"jobs-framing-not-active","sessionId":"01a5b41b-bd7b-43be-8454-e7427d5142f3","grade":"S"}
{"ts":"2026-05-07T14:43:13.314Z","phase":"no-op","reason":"jobs-framing-not-active","sessionId":"01a5b41b-bd7b-43be-8454-e7427d5142f3","grade":"S"}
{"ts":"2026-05-07T14:44:08.451Z","phase":"stale-state-skip","toolName":"Agent","stateSessionId":"9c3a92b3-d09d-4259-a7a8-1416d79cf9a0","currentSessionId":"01a5b41b-bd7b-43be-8454-e7427d5142f3"}
{"ts":"2026-05-07T14:48:18.020Z","phase":"no-op","reason":"jobs-framing-not-active","sessionId":"01a5b41b-bd7b-43be-8454-e7427d5142f3","grade":"S"}
{"ts":"2026-05-07T14:49:40.422Z","phase":"jobs-framing-activated","sessionId":"01a5b41b-bd7b-43be-8454-e7427d5142f3","grade":"S","source":"Nexus-Skill"}
{"ts":"2026-05-07T14:50:12.645Z","phase":"no-audit","toolName":"Agent"}
{"ts":"2026-05-07T23:47:45.105Z","phase":"classified","sessionId":"01a5b41b-bd7b-43be-8454-e7427d5142f3","grade":"S","echoTriggerDetected":false,"intentReconfirmRequested":false,"matchedKeywords":[],"elapsedMs":8}
{"ts":"2026-05-07T23:54:38.950Z","phase":"classified","sessionId":"01a5b41b-bd7b-43be-8454-e7427d5142f3","grade":"S","echoTriggerDetected":true,"intentReconfirmRequested":false,"matchedKeywords":["OK","ok"],"elapsedMs":8}
{"ts":"2026-05-07T23:54:38.950Z","phase":"audit-emit","source":"UserPromptSubmit","echoTriggerDetected":true,"intentReconfirmRequested":false,"matchedKeywords":["OK","ok"]}
{"ts":"2026-05-07T23:56:44.174Z","phase":"audit-emit","toolName":"Agent","echoTriggerDetected":true,"intentReconfirmRequested":false,"matchedKeywords":["OK","ok"]}
{"ts":"2026-05-08T00:08:10.968Z","phase":"classified","sessionId":"01a5b41b-bd7b-43be-8454-e7427d5142f3","grade":"S","echoTriggerDetected":false,"intentReconfirmRequested":false,"matchedKeywords":[],"elapsedMs":7}
{"ts":"2026-05-08T00:09:01.540Z","phase":"no-audit","toolName":"Agent"}
{"ts":"2026-05-08T00:17:01.249Z","phase":"classified","sessionId":"01a5b41b-bd7b-43be-8454-e7427d5142f3","grade":"S","echoTriggerDetected":true,"intentReconfirmRequested":false,"matchedKeywords":["맞아"],"elapsedMs":7}
{"ts":"2026-05-08T00:17:01.249Z","phase":"audit-emit","source":"UserPromptSubmit","echoTriggerDetected":true,"intentReconfirmRequested":false,"matchedKeywords":["맞아"]}
{"ts":"2026-05-08T00:49:15.053Z","phase":"classified","sessionId":"01a5b41b-bd7b-43be-8454-e7427d5142f3","grade":"S","echoTriggerDetected":true,"intentReconfirmRequested":false,"matchedKeywords":["동의","OK","ok"],"elapsedMs":7}
{"ts":"2026-05-08T00:49:15.053Z","phase":"audit-emit","source":"UserPromptSubmit","echoTriggerDetected":true,"intentReconfirmRequested":false,"matchedKeywords":["동의","OK","ok"]}
{"ts":"2026-05-08T00:56:49.988Z","phase":"classified","sessionId":"01a5b41b-bd7b-43be-8454-e7427d5142f3","grade":"S","echoTriggerDetected":false,"intentReconfirmRequested":false,"matchedKeywords":[],"elapsedMs":7}
{"ts":"2026-05-08T01:01:54.733Z","phase":"classified","sessionId":"01a5b41b-bd7b-43be-8454-e7427d5142f3","grade":"S","echoTriggerDetected":false,"intentReconfirmRequested":false,"matchedKeywords":[],"elapsedMs":8}
{"ts":"2026-05-08T01:05:17.628Z","phase":"classified","sessionId":"01a5b41b-bd7b-43be-8454-e7427d5142f3","grade":"S","echoTriggerDetected":true,"intentReconfirmRequested":false,"matchedKeywords":["OK","ok"],"elapsedMs":8}
{"ts":"2026-05-08T01:05:17.628Z","phase":"audit-emit","source":"UserPromptSubmit","echoTriggerDetected":true,"intentReconfirmRequested":false,"matchedKeywords":["OK","ok"]}
{"ts":"2026-05-08T01:11:54.011Z","phase":"classified","sessionId":"01a5b41b-bd7b-43be-8454-e7427d5142f3","grade":"S","echoTriggerDetected":false,"intentReconfirmRequested":false,"matchedKeywords":[],"elapsedMs":7}
{"ts":"2026-05-08T01:31:58.864Z","phase":"classified","sessionId":"01a5b41b-bd7b-43be-8454-e7427d5142f3","grade":"S","echoTriggerDetected":false,"intentReconfirmRequested":false,"matchedKeywords":[],"elapsedMs":8}
{"ts":"2026-05-08T01:32:57.962Z","phase":"no-audit","toolName":"Agent"}
{"ts":"2026-05-08T01:49:59.809Z","phase":"classified","sessionId":"01a5b41b-bd7b-43be-8454-e7427d5142f3","grade":"S","echoTriggerDetected":false,"intentReconfirmRequested":false,"matchedKeywords":[],"elapsedMs":8}
{"ts":"2026-05-08T01:51:21.675Z","phase":"no-audit","toolName":"Agent"}
{"ts":"2026-05-08T01:53:13.994Z","phase":"classified","sessionId":"01a5b41b-bd7b-43be-8454-e7427d5142f3","grade":"S","echoTriggerDetected":false,"intentReconfirmRequested":false,"matchedKeywords":[],"elapsedMs":9}
{"ts":"2026-05-08T01:53:48.608Z","phase":"no-audit","toolName":"Agent"}
{"ts":"2026-05-08T02:03:06.785Z","phase":"no-audit","toolName":"Agent"}
{"ts":"2026-05-08T02:13:00.526Z","phase":"no-op","reason":"jobs-framing-not-active","sessionId":"cbd570ec-4276-4240-b5c5-5cd533448320","grade":"S"}
{"ts":"2026-05-08T02:41:29.048Z","phase":"no-op","reason":"jobs-framing-not-active","sessionId":"cbd570ec-4276-4240-b5c5-5cd533448320","grade":"S"}
{"ts":"2026-05-08T02:58:38.360Z","phase":"no-op","reason":"jobs-framing-not-active","sessionId":"cbd570ec-4276-4240-b5c5-5cd533448320","grade":"S"}
{"ts":"2026-05-08T02:59:46.320Z","phase":"no-op","reason":"jobs-framing-not-active","sessionId":"cbd570ec-4276-4240-b5c5-5cd533448320","grade":"S"}
{"ts":"2026-05-08T03:00:38.948Z","phase":"no-op","reason":"jobs-framing-not-active","sessionId":"cbd570ec-4276-4240-b5c5-5cd533448320","grade":"S"}
{"ts":"2026-05-08T03:01:40.442Z","phase":"no-op","reason":"jobs-framing-not-active","sessionId":"cbd570ec-4276-4240-b5c5-5cd533448320","grade":"S"}
{"ts":"2026-05-08T03:02:20.728Z","phase":"stale-state-skip","toolName":"Agent","stateSessionId":"01a5b41b-bd7b-43be-8454-e7427d5142f3","currentSessionId":"cbd570ec-4276-4240-b5c5-5cd533448320"}
{"ts":"2026-05-08T03:03:15.564Z","phase":"no-op","reason":"jobs-framing-not-active","sessionId":"cbd570ec-4276-4240-b5c5-5cd533448320","grade":"S"}
{"ts":"2026-05-08T03:03:36.604Z","phase":"stale-state-skip","toolName":"Agent","stateSessionId":"01a5b41b-bd7b-43be-8454-e7427d5142f3","currentSessionId":"cbd570ec-4276-4240-b5c5-5cd533448320"}
{"ts":"2026-05-08T03:06:46.103Z","phase":"no-op","reason":"jobs-framing-not-active","sessionId":"cbd570ec-4276-4240-b5c5-5cd533448320","grade":"S"}
{"ts":"2026-05-08T03:08:01.462Z","phase":"no-op","reason":"jobs-framing-not-active","sessionId":"cbd570ec-4276-4240-b5c5-5cd533448320","grade":"S"}
{"ts":"2026-05-08T03:21:33.166Z","phase":"no-op","reason":"jobs-framing-not-active","sessionId":"cbd570ec-4276-4240-b5c5-5cd533448320","grade":"S"}
{"ts":"2026-05-08T04:52:22.323Z","phase":"no-op","reason":"jobs-framing-not-active","sessionId":"cbd570ec-4276-4240-b5c5-5cd533448320","grade":"S"}
{"ts":"2026-05-08T04:58:53.962Z","phase":"no-op","reason":"jobs-framing-not-active","sessionId":"cbd570ec-4276-4240-b5c5-5cd533448320","grade":"S"}
{"ts":"2026-05-08T05:00:29.047Z","phase":"no-op","reason":"jobs-framing-not-active","sessionId":"cbd570ec-4276-4240-b5c5-5cd533448320","grade":"S"}
{"ts":"2026-05-08T05:10:31.018Z","phase":"no-op","reason":"jobs-framing-not-active","sessionId":"cbd570ec-4276-4240-b5c5-5cd533448320","grade":"S"}
{"ts":"2026-05-08T05:12:25.563Z","phase":"no-op","reason":"jobs-framing-not-active","sessionId":"cbd570ec-4276-4240-b5c5-5cd533448320","grade":"S"}
{"ts":"2026-05-08T05:23:11.856Z","phase":"no-op","reason":"jobs-framing-not-active","sessionId":"cbd570ec-4276-4240-b5c5-5cd533448320","grade":"S"}
{"ts":"2026-05-08T05:31:56.968Z","phase":"no-op","reason":"jobs-framing-not-active","sessionId":"18a36cd2-2f82-403f-9c1a-642164843bdd","grade":"S"}
{"ts":"2026-05-08T05:33:06.576Z","phase":"stale-state-skip","toolName":"Agent","stateSessionId":"01a5b41b-bd7b-43be-8454-e7427d5142f3","currentSessionId":"18a36cd2-2f82-403f-9c1a-642164843bdd"}
{"ts":"2026-05-08T05:42:57.651Z","phase":"no-op","reason":"grade-mismatch","grade":"C"}
{"ts":"2026-05-08T08:14:23.230Z","phase":"no-op","reason":"grade-mismatch","grade":"C"}
{"ts":"2026-05-08T08:17:52.475Z","phase":"no-op","reason":"grade-mismatch","grade":"C"}
{"ts":"2026-05-08T08:19:15.097Z","phase":"no-op","reason":"grade-mismatch","grade":"C"}
{"ts":"2026-05-08T08:20:34.688Z","phase":"no-op","reason":"grade-mismatch","grade":"C"}
{"ts":"2026-05-08T08:23:04.080Z","phase":"no-op","reason":"grade-mismatch","grade":"C"}
{"ts":"2026-05-08T08:30:22.709Z","phase":"no-op","reason":"grade-mismatch","grade":"C"}
{"ts":"2026-05-08T08:31:04.913Z","phase":"no-op","reason":"grade-mismatch","grade":"C"}
{"ts":"2026-05-08T13:10:03.426Z","phase":"no-op","reason":"jobs-framing-not-active","sessionId":"0980ae0e-250c-4ef7-9fd6-aa4ad0fd1f56","grade":"B"}
{"ts":"2026-05-08T13:10:35.479Z","phase":"no-op","reason":"jobs-framing-not-active","sessionId":"0980ae0e-250c-4ef7-9fd6-aa4ad0fd1f56","grade":"B"}
{"ts":"2026-05-08T13:13:26.294Z","phase":"no-op","reason":"jobs-framing-not-active","sessionId":"0980ae0e-250c-4ef7-9fd6-aa4ad0fd1f56","grade":"B"}
{"ts":"2026-05-08T13:14:15.339Z","phase":"no-op","reason":"jobs-framing-not-active","sessionId":"0980ae0e-250c-4ef7-9fd6-aa4ad0fd1f56","grade":"B"}
{"ts":"2026-05-08T13:17:17.439Z","phase":"no-op","reason":"jobs-framing-not-active","sessionId":"0980ae0e-250c-4ef7-9fd6-aa4ad0fd1f56","grade":"B"}
{"ts":"2026-05-08T13:17:57.831Z","phase":"no-op","reason":"jobs-framing-not-active","sessionId":"0980ae0e-250c-4ef7-9fd6-aa4ad0fd1f56","grade":"B"}
{"ts":"2026-05-08T13:26:44.583Z","phase":"no-op","reason":"jobs-framing-not-active","sessionId":"501e4eb9-020e-4dc1-b5cd-ba5ac27b7816","grade":"B"}
{"ts":"2026-05-08T13:29:10.347Z","phase":"no-op","reason":"jobs-framing-not-active","sessionId":"501e4eb9-020e-4dc1-b5cd-ba5ac27b7816","grade":"B"}
{"ts":"2026-05-08T13:29:21.980Z","phase":"stale-state-skip","toolName":"Agent","stateSessionId":"01a5b41b-bd7b-43be-8454-e7427d5142f3","currentSessionId":"501e4eb9-020e-4dc1-b5cd-ba5ac27b7816"}
{"ts":"2026-05-08T13:39:20.582Z","phase":"no-op","reason":"jobs-framing-not-active","sessionId":"501e4eb9-020e-4dc1-b5cd-ba5ac27b7816","grade":"B"}
{"ts":"2026-05-08T14:01:11.773Z","phase":"no-op","reason":"jobs-framing-not-active","sessionId":"501e4eb9-020e-4dc1-b5cd-ba5ac27b7816","grade":"B"}
{"ts":"2026-05-08T14:01:46.651Z","phase":"stale-state-skip","toolName":"Agent","stateSessionId":"01a5b41b-bd7b-43be-8454-e7427d5142f3","currentSessionId":"501e4eb9-020e-4dc1-b5cd-ba5ac27b7816"}
{"ts":"2026-05-08T14:02:59.740Z","phase":"stale-state-skip","toolName":"Agent","stateSessionId":"01a5b41b-bd7b-43be-8454-e7427d5142f3","currentSessionId":"501e4eb9-020e-4dc1-b5cd-ba5ac27b7816"}
{"ts":"2026-05-08T14:08:19.882Z","phase":"no-op","reason":"jobs-framing-not-active","sessionId":"501e4eb9-020e-4dc1-b5cd-ba5ac27b7816","grade":"B"}
{"ts":"2026-05-08T14:09:30.093Z","phase":"no-op","reason":"jobs-framing-not-active","sessionId":"501e4eb9-020e-4dc1-b5cd-ba5ac27b7816","grade":"B"}
{"ts":"2026-05-08T14:12:07.459Z","phase":"no-op","reason":"jobs-framing-not-active","sessionId":"501e4eb9-020e-4dc1-b5cd-ba5ac27b7816","grade":"B"}
{"ts":"2026-05-08T19:45:09.008Z","phase":"no-op","reason":"jobs-framing-not-active","sessionId":"7d7ecabe-b6d3-4491-a393-03b66fec28aa","grade":"B"}
{"ts":"2026-05-08T19:51:48.697Z","phase":"no-op","reason":"jobs-framing-not-active","sessionId":"7d7ecabe-b6d3-4491-a393-03b66fec28aa","grade":"S"}
{"ts":"2026-05-08T19:55:01.782Z","phase":"no-op","reason":"jobs-framing-not-active","sessionId":"7d7ecabe-b6d3-4491-a393-03b66fec28aa","grade":"S"}
{"ts":"2026-05-08T19:55:31.651Z","phase":"stale-state-skip","toolName":"Agent","stateSessionId":"01a5b41b-bd7b-43be-8454-e7427d5142f3","currentSessionId":"7d7ecabe-b6d3-4491-a393-03b66fec28aa"}
{"ts":"2026-05-08T19:55:41.504Z","phase":"stale-state-skip","toolName":"Agent","stateSessionId":"01a5b41b-bd7b-43be-8454-e7427d5142f3","currentSessionId":"7d7ecabe-b6d3-4491-a393-03b66fec28aa"}
{"ts":"2026-05-08T19:55:54.449Z","phase":"stale-state-skip","toolName":"Agent","stateSessionId":"01a5b41b-bd7b-43be-8454-e7427d5142f3","currentSessionId":"7d7ecabe-b6d3-4491-a393-03b66fec28aa"}
{"ts":"2026-05-08T19:56:07.801Z","phase":"stale-state-skip","toolName":"Agent","stateSessionId":"01a5b41b-bd7b-43be-8454-e7427d5142f3","currentSessionId":"7d7ecabe-b6d3-4491-a393-03b66fec28aa"}
{"ts":"2026-05-08T19:56:23.367Z","phase":"stale-state-skip","toolName":"Agent","stateSessionId":"01a5b41b-bd7b-43be-8454-e7427d5142f3","currentSessionId":"7d7ecabe-b6d3-4491-a393-03b66fec28aa"}
{"ts":"2026-05-08T20:09:24.858Z","phase":"no-op","reason":"jobs-framing-not-active","sessionId":"7d7ecabe-b6d3-4491-a393-03b66fec28aa","grade":"S"}
{"ts":"2026-05-08T20:10:10.643Z","phase":"stale-state-skip","toolName":"Agent","stateSessionId":"01a5b41b-bd7b-43be-8454-e7427d5142f3","currentSessionId":"7d7ecabe-b6d3-4491-a393-03b66fec28aa"}
{"ts":"2026-05-08T20:10:20.631Z","phase":"stale-state-skip","toolName":"Agent","stateSessionId":"01a5b41b-bd7b-43be-8454-e7427d5142f3","currentSessionId":"7d7ecabe-b6d3-4491-a393-03b66fec28aa"}
{"ts":"2026-05-08T20:10:29.826Z","phase":"stale-state-skip","toolName":"Agent","stateSessionId":"01a5b41b-bd7b-43be-8454-e7427d5142f3","currentSessionId":"7d7ecabe-b6d3-4491-a393-03b66fec28aa"}
{"ts":"2026-05-08T20:10:39.523Z","phase":"stale-state-skip","toolName":"Agent","stateSessionId":"01a5b41b-bd7b-43be-8454-e7427d5142f3","currentSessionId":"7d7ecabe-b6d3-4491-a393-03b66fec28aa"}
{"ts":"2026-05-08T20:10:48.310Z","phase":"stale-state-skip","toolName":"Agent","stateSessionId":"01a5b41b-bd7b-43be-8454-e7427d5142f3","currentSessionId":"7d7ecabe-b6d3-4491-a393-03b66fec28aa"}
{"ts":"2026-05-08T20:14:46.329Z","phase":"stale-state-skip","toolName":"Agent","stateSessionId":"01a5b41b-bd7b-43be-8454-e7427d5142f3","currentSessionId":"7d7ecabe-b6d3-4491-a393-03b66fec28aa"}
{"ts":"2026-05-08T20:15:01.491Z","phase":"stale-state-skip","toolName":"Agent","stateSessionId":"01a5b41b-bd7b-43be-8454-e7427d5142f3","currentSessionId":"7d7ecabe-b6d3-4491-a393-03b66fec28aa"}
{"ts":"2026-05-08T20:15:07.681Z","phase":"stale-state-skip","toolName":"Agent","stateSessionId":"01a5b41b-bd7b-43be-8454-e7427d5142f3","currentSessionId":"7d7ecabe-b6d3-4491-a393-03b66fec28aa"}
{"ts":"2026-05-08T20:15:19.853Z","phase":"stale-state-skip","toolName":"Agent","stateSessionId":"01a5b41b-bd7b-43be-8454-e7427d5142f3","currentSessionId":"7d7ecabe-b6d3-4491-a393-03b66fec28aa"}
{"ts":"2026-05-08T20:19:10.330Z","phase":"no-op","reason":"jobs-framing-not-active","sessionId":"7d7ecabe-b6d3-4491-a393-03b66fec28aa","grade":"S"}
{"ts":"2026-05-08T20:20:34.013Z","phase":"stale-state-skip","toolName":"Agent","stateSessionId":"01a5b41b-bd7b-43be-8454-e7427d5142f3","currentSessionId":"7d7ecabe-b6d3-4491-a393-03b66fec28aa"}
{"ts":"2026-05-08T20:20:58.971Z","phase":"stale-state-skip","toolName":"Agent","stateSessionId":"01a5b41b-bd7b-43be-8454-e7427d5142f3","currentSessionId":"7d7ecabe-b6d3-4491-a393-03b66fec28aa"}
{"ts":"2026-05-08T20:24:40.380Z","phase":"stale-state-skip","toolName":"Agent","stateSessionId":"01a5b41b-bd7b-43be-8454-e7427d5142f3","currentSessionId":"7d7ecabe-b6d3-4491-a393-03b66fec28aa"}
{"ts":"2026-05-08T21:07:26.406Z","phase":"no-op","reason":"jobs-framing-not-active","sessionId":"16feff9b-c941-4295-9885-357047edb459","grade":"S"}
{"ts":"2026-05-08T21:09:15.644Z","phase":"no-op","reason":"jobs-framing-not-active","sessionId":"16feff9b-c941-4295-9885-357047edb459","grade":"S"}
{"ts":"2026-05-08T21:15:26.954Z","phase":"no-op","reason":"jobs-framing-not-active","sessionId":"16feff9b-c941-4295-9885-357047edb459","grade":"B"}
{"ts":"2026-05-08T21:16:39.689Z","phase":"no-op","reason":"jobs-framing-not-active","sessionId":"16feff9b-c941-4295-9885-357047edb459","grade":"S"}
{"ts":"2026-05-08T21:17:19.354Z","phase":"no-op","reason":"jobs-framing-not-active","sessionId":"16feff9b-c941-4295-9885-357047edb459","grade":"S"}
{"ts":"2026-05-08T21:18:40.170Z","phase":"no-op","reason":"jobs-framing-not-active","sessionId":"16feff9b-c941-4295-9885-357047edb459","grade":"S"}
{"ts":"2026-05-08T21:21:36.898Z","phase":"no-op","reason":"jobs-framing-not-active","sessionId":"16feff9b-c941-4295-9885-357047edb459","grade":"S"}
{"ts":"2026-05-08T21:47:38.776Z","phase":"no-op","reason":"jobs-framing-not-active","sessionId":"16feff9b-c941-4295-9885-357047edb459","grade":"S"}
{"ts":"2026-05-09T00:53:41.247Z","phase":"no-op","reason":"jobs-framing-not-active","sessionId":"16feff9b-c941-4295-9885-357047edb459","grade":"S"}
{"ts":"2026-05-09T00:56:19.992Z","phase":"no-op","reason":"jobs-framing-not-active","sessionId":"16feff9b-c941-4295-9885-357047edb459","grade":"S"}
{"ts":"2026-05-09T01:02:53.135Z","phase":"no-op","reason":"jobs-framing-not-active","sessionId":"16feff9b-c941-4295-9885-357047edb459","grade":"S"}
{"ts":"2026-05-09T01:04:22.948Z","phase":"no-op","reason":"jobs-framing-not-active","sessionId":"16feff9b-c941-4295-9885-357047edb459","grade":"S"}
{"ts":"2026-05-09T01:04:49.481Z","phase":"no-op","reason":"jobs-framing-not-active","sessionId":"16feff9b-c941-4295-9885-357047edb459","grade":"S"}
{"ts":"2026-05-09T01:05:52.525Z","phase":"no-op","reason":"jobs-framing-not-active","sessionId":"16feff9b-c941-4295-9885-357047edb459","grade":"S"}
{"ts":"2026-05-09T01:06:13.687Z","phase":"no-op","reason":"jobs-framing-not-active","sessionId":"16feff9b-c941-4295-9885-357047edb459","grade":"S"}
{"ts":"2026-05-09T01:15:32.976Z","phase":"no-op","reason":"jobs-framing-not-active","sessionId":"18475adf-7aa6-4d11-a4de-4c40a31f3143","grade":"S"}
{"ts":"2026-05-09T01:17:04.478Z","phase":"stale-state-skip","toolName":"Agent","stateSessionId":"01a5b41b-bd7b-43be-8454-e7427d5142f3","currentSessionId":"18475adf-7aa6-4d11-a4de-4c40a31f3143"}
{"ts":"2026-05-09T01:19:43.727Z","phase":"no-op","reason":"jobs-framing-not-active","sessionId":"18475adf-7aa6-4d11-a4de-4c40a31f3143","grade":"B"}
{"ts":"2026-05-09T01:22:13.816Z","phase":"no-op","reason":"grade-mismatch","grade":"C"}
{"ts":"2026-05-09T01:23:30.539Z","phase":"no-op","reason":"grade-mismatch","grade":"C"}
{"ts":"2026-05-09T01:24:26.719Z","phase":"no-op","reason":"grade-mismatch","grade":"C"}
{"ts":"2026-05-09T01:26:28.601Z","phase":"no-op","reason":"grade-mismatch","grade":"C"}
{"ts":"2026-05-09T01:28:20.063Z","phase":"no-op","reason":"grade-mismatch","grade":"C"}
{"ts":"2026-05-09T01:29:15.316Z","phase":"no-op","reason":"grade-mismatch","grade":"C"}
{"ts":"2026-05-09T01:29:44.810Z","phase":"no-op","reason":"grade-mismatch","grade":"C"}
{"ts":"2026-05-09T01:35:03.947Z","phase":"no-op","reason":"grade-mismatch","grade":"C"}
{"ts":"2026-05-09T01:39:58.884Z","phase":"no-op","reason":"grade-mismatch","grade":"C"}
{"ts":"2026-05-09T01:41:38.598Z","phase":"no-op","reason":"grade-mismatch","grade":"C"}
{"ts":"2026-05-09T01:43:28.212Z","phase":"no-op","reason":"grade-mismatch","grade":"C"}
{"ts":"2026-05-09T01:46:30.167Z","phase":"no-op","reason":"grade-mismatch","grade":"C"}
{"ts":"2026-05-09T01:46:38.231Z","phase":"no-op","reason":"grade-mismatch","grade":"C"}
{"ts":"2026-05-09T01:47:54.653Z","phase":"no-op","reason":"grade-mismatch","grade":"C"}
{"ts":"2026-05-09T01:48:56.318Z","phase":"no-op","reason":"grade-mismatch","grade":"C"}
{"ts":"2026-05-09T01:49:59.723Z","phase":"no-op","reason":"grade-mismatch","grade":"C"}
{"ts":"2026-05-09T01:50:51.681Z","phase":"no-op","reason":"grade-mismatch","grade":"C"}
{"ts":"2026-05-09T04:28:01.348Z","phase":"no-op","reason":"grade-mismatch","grade":"C"}
{"ts":"2026-05-09T04:29:45.848Z","phase":"no-op","reason":"grade-mismatch","grade":"C"}
{"ts":"2026-05-09T04:31:00.049Z","phase":"no-op","reason":"grade-mismatch","grade":"C"}
{"ts":"2026-05-09T04:32:02.583Z","phase":"no-op","reason":"grade-mismatch","grade":"C"}
{"ts":"2026-05-09T07:25:10.659Z","phase":"no-op","reason":"jobs-framing-not-active","sessionId":"7fac0e8c-c2cc-408b-be13-bb9fa970e97a","grade":"B"}
{"ts":"2026-05-09T07:29:30.551Z","phase":"stale-state-skip","toolName":"Agent","stateSessionId":"01a5b41b-bd7b-43be-8454-e7427d5142f3","currentSessionId":"7fac0e8c-c2cc-408b-be13-bb9fa970e97a"}
{"ts":"2026-05-09T07:30:11.239Z","phase":"stale-state-skip","toolName":"Agent","stateSessionId":"01a5b41b-bd7b-43be-8454-e7427d5142f3","currentSessionId":"7fac0e8c-c2cc-408b-be13-bb9fa970e97a"}
{"ts":"2026-05-09T07:35:55.315Z","phase":"no-op","reason":"grade-mismatch","grade":"C"}
{"ts":"2026-05-09T07:37:15.067Z","phase":"stale-state-skip","toolName":"Agent","stateSessionId":"01a5b41b-bd7b-43be-8454-e7427d5142f3","currentSessionId":"0ba06175-9be2-44e0-8e4b-1c99df244880"}
{"ts":"2026-05-09T07:41:28.934Z","phase":"no-op","reason":"grade-mismatch","grade":"C"}
{"ts":"2026-05-09T07:42:18.273Z","phase":"no-op","reason":"grade-mismatch","grade":"C"}
{"ts":"2026-05-09T07:44:18.390Z","phase":"no-op","reason":"grade-mismatch","grade":"C"}
{"ts":"2026-05-09T07:48:37.002Z","phase":"no-op","reason":"grade-mismatch","grade":"C"}
{"ts":"2026-05-09T07:50:32.433Z","phase":"no-op","reason":"grade-mismatch","grade":"C"}
{"ts":"2026-05-09T07:51:07.560Z","phase":"no-op","reason":"grade-mismatch","grade":"C"}
{"ts":"2026-05-09T07:52:44.764Z","phase":"no-op","reason":"grade-mismatch","grade":"C"}
{"ts":"2026-05-09T08:00:05.346Z","phase":"no-op","reason":"grade-mismatch","grade":"C"}
{"ts":"2026-05-09T08:00:32.402Z","phase":"stale-state-skip","toolName":"Agent","stateSessionId":"01a5b41b-bd7b-43be-8454-e7427d5142f3","currentSessionId":"0ba06175-9be2-44e0-8e4b-1c99df244880"}
{"ts":"2026-05-09T08:58:51.897Z","phase":"no-op","reason":"grade-mismatch","grade":"C"}
{"ts":"2026-05-09T09:41:26.057Z","phase":"no-op","reason":"grade-mismatch","grade":"C"}
{"ts":"2026-05-09T09:43:25.060Z","phase":"no-op","reason":"grade-mismatch","grade":"C"}
{"ts":"2026-05-09T09:44:44.667Z","phase":"stale-state-skip","toolName":"Agent","stateSessionId":"01a5b41b-bd7b-43be-8454-e7427d5142f3","currentSessionId":"9165d9d8-079c-4546-8d8b-3325a35b9d77"}
{"ts":"2026-05-09T09:51:40.007Z","phase":"no-op","reason":"grade-mismatch","grade":"C"}
{"ts":"2026-05-09T09:56:06.095Z","phase":"no-op","reason":"jobs-framing-not-active","sessionId":"81d38f85-8e3a-4b8c-a1ec-cdb51dc82fee","grade":"A"}
{"ts":"2026-05-09T09:56:35.584Z","phase":"stale-state-skip","toolName":"Agent","stateSessionId":"01a5b41b-bd7b-43be-8454-e7427d5142f3","currentSessionId":"81d38f85-8e3a-4b8c-a1ec-cdb51dc82fee"}
{"ts":"2026-05-09T10:05:10.788Z","phase":"no-op","reason":"jobs-framing-not-active","sessionId":"81d38f85-8e3a-4b8c-a1ec-cdb51dc82fee","grade":"A"}
{"ts":"2026-05-09T10:05:50.521Z","phase":"stale-state-skip","toolName":"Agent","stateSessionId":"01a5b41b-bd7b-43be-8454-e7427d5142f3","currentSessionId":"81d38f85-8e3a-4b8c-a1ec-cdb51dc82fee"}
{"ts":"2026-05-09T10:06:15.301Z","phase":"stale-state-skip","toolName":"Agent","stateSessionId":"01a5b41b-bd7b-43be-8454-e7427d5142f3","currentSessionId":"81d38f85-8e3a-4b8c-a1ec-cdb51dc82fee"}
{"ts":"2026-05-09T10:06:33.294Z","phase":"stale-state-skip","toolName":"Agent","stateSessionId":"01a5b41b-bd7b-43be-8454-e7427d5142f3","currentSessionId":"81d38f85-8e3a-4b8c-a1ec-cdb51dc82fee"}
{"ts":"2026-05-09T10:06:53.072Z","phase":"stale-state-skip","toolName":"Agent","stateSessionId":"01a5b41b-bd7b-43be-8454-e7427d5142f3","currentSessionId":"81d38f85-8e3a-4b8c-a1ec-cdb51dc82fee"}
{"ts":"2026-05-09T10:07:15.487Z","phase":"stale-state-skip","toolName":"Agent","stateSessionId":"01a5b41b-bd7b-43be-8454-e7427d5142f3","currentSessionId":"81d38f85-8e3a-4b8c-a1ec-cdb51dc82fee"}
{"ts":"2026-05-09T10:07:22.699Z","phase":"no-op","reason":"jobs-framing-not-active","sessionId":"81d38f85-8e3a-4b8c-a1ec-cdb51dc82fee","grade":"A"}
{"ts":"2026-05-09T10:07:45.491Z","phase":"no-op","reason":"jobs-framing-not-active","sessionId":"81d38f85-8e3a-4b8c-a1ec-cdb51dc82fee","grade":"A"}
{"ts":"2026-05-09T10:07:52.410Z","phase":"no-op","reason":"jobs-framing-not-active","sessionId":"81d38f85-8e3a-4b8c-a1ec-cdb51dc82fee","grade":"A"}
{"ts":"2026-05-09T10:08:01.461Z","phase":"no-op","reason":"jobs-framing-not-active","sessionId":"81d38f85-8e3a-4b8c-a1ec-cdb51dc82fee","grade":"A"}
{"ts":"2026-05-09T10:08:33.847Z","phase":"no-op","reason":"jobs-framing-not-active","sessionId":"81d38f85-8e3a-4b8c-a1ec-cdb51dc82fee","grade":"A"}
{"ts":"2026-05-09T10:12:06.687Z","phase":"no-op","reason":"jobs-framing-not-active","sessionId":"81d38f85-8e3a-4b8c-a1ec-cdb51dc82fee","grade":"A"}
{"ts":"2026-05-09T10:23:16.994Z","phase":"no-op","reason":"jobs-framing-not-active","sessionId":"81d38f85-8e3a-4b8c-a1ec-cdb51dc82fee","grade":"A"}
{"ts":"2026-05-09T10:24:10.778Z","phase":"stale-state-skip","toolName":"Agent","stateSessionId":"01a5b41b-bd7b-43be-8454-e7427d5142f3","currentSessionId":"81d38f85-8e3a-4b8c-a1ec-cdb51dc82fee"}
{"ts":"2026-05-09T10:24:28.359Z","phase":"stale-state-skip","toolName":"Agent","stateSessionId":"01a5b41b-bd7b-43be-8454-e7427d5142f3","currentSessionId":"81d38f85-8e3a-4b8c-a1ec-cdb51dc82fee"}
{"ts":"2026-05-09T10:24:40.906Z","phase":"stale-state-skip","toolName":"Agent","stateSessionId":"01a5b41b-bd7b-43be-8454-e7427d5142f3","currentSessionId":"81d38f85-8e3a-4b8c-a1ec-cdb51dc82fee"}
{"ts":"2026-05-09T10:24:54.392Z","phase":"stale-state-skip","toolName":"Agent","stateSessionId":"01a5b41b-bd7b-43be-8454-e7427d5142f3","currentSessionId":"81d38f85-8e3a-4b8c-a1ec-cdb51dc82fee"}
{"ts":"2026-05-09T10:25:08.180Z","phase":"no-op","reason":"jobs-framing-not-active","sessionId":"81d38f85-8e3a-4b8c-a1ec-cdb51dc82fee","grade":"A"}
{"ts":"2026-05-09T10:25:10.669Z","phase":"no-op","reason":"jobs-framing-not-active","sessionId":"81d38f85-8e3a-4b8c-a1ec-cdb51dc82fee","grade":"A"}
{"ts":"2026-05-09T10:25:15.035Z","phase":"no-op","reason":"jobs-framing-not-active","sessionId":"81d38f85-8e3a-4b8c-a1ec-cdb51dc82fee","grade":"A"}
{"ts":"2026-05-09T10:25:29.752Z","phase":"no-op","reason":"jobs-framing-not-active","sessionId":"81d38f85-8e3a-4b8c-a1ec-cdb51dc82fee","grade":"A"}
{"ts":"2026-05-09T10:27:12.184Z","phase":"no-op","reason":"jobs-framing-not-active","sessionId":"81d38f85-8e3a-4b8c-a1ec-cdb51dc82fee","grade":"A"}
{"ts":"2026-05-09T10:46:56.199Z","phase":"no-op","reason":"jobs-framing-not-active","sessionId":"81d38f85-8e3a-4b8c-a1ec-cdb51dc82fee","grade":"A"}
{"ts":"2026-05-09T10:48:55.280Z","phase":"no-op","reason":"jobs-framing-not-active","sessionId":"81d38f85-8e3a-4b8c-a1ec-cdb51dc82fee","grade":"A"}
{"ts":"2026-05-09T10:49:52.856Z","phase":"stale-state-skip","toolName":"Agent","stateSessionId":"01a5b41b-bd7b-43be-8454-e7427d5142f3","currentSessionId":"81d38f85-8e3a-4b8c-a1ec-cdb51dc82fee"}
{"ts":"2026-05-09T10:50:21.997Z","phase":"stale-state-skip","toolName":"Agent","stateSessionId":"01a5b41b-bd7b-43be-8454-e7427d5142f3","currentSessionId":"81d38f85-8e3a-4b8c-a1ec-cdb51dc82fee"}
{"ts":"2026-05-09T10:53:26.961Z","phase":"stale-state-skip","toolName":"Agent","stateSessionId":"01a5b41b-bd7b-43be-8454-e7427d5142f3","currentSessionId":"81d38f85-8e3a-4b8c-a1ec-cdb51dc82fee"}
{"ts":"2026-05-09T10:57:25.422Z","phase":"no-op","reason":"jobs-framing-not-active","sessionId":"81d38f85-8e3a-4b8c-a1ec-cdb51dc82fee","grade":"A"}
{"ts":"2026-05-09T11:03:46.038Z","phase":"no-op","reason":"jobs-framing-not-active","sessionId":"a8a106de-71e8-494b-bc6d-670ee34e1ae9","grade":"A"}
{"ts":"2026-05-09T11:06:40.474Z","phase":"no-op","reason":"jobs-framing-not-active","sessionId":"a8a106de-71e8-494b-bc6d-670ee34e1ae9","grade":"A"}
{"ts":"2026-05-09T11:07:04.047Z","phase":"no-op","reason":"jobs-framing-not-active","sessionId":"a8a106de-71e8-494b-bc6d-670ee34e1ae9","grade":"A"}
{"ts":"2026-05-09T11:12:37.324Z","phase":"no-op","reason":"jobs-framing-not-active","sessionId":"a8a106de-71e8-494b-bc6d-670ee34e1ae9","grade":"A"}
{"ts":"2026-05-09T11:12:47.481Z","phase":"stale-state-skip","toolName":"Agent","stateSessionId":"01a5b41b-bd7b-43be-8454-e7427d5142f3","currentSessionId":"a8a106de-71e8-494b-bc6d-670ee34e1ae9"}
{"ts":"2026-05-09T11:15:03.429Z","phase":"no-op","reason":"jobs-framing-not-active","sessionId":"a8a106de-71e8-494b-bc6d-670ee34e1ae9","grade":"A"}
{"ts":"2026-05-09T11:17:21.828Z","phase":"no-op","reason":"jobs-framing-not-active","sessionId":"a8a106de-71e8-494b-bc6d-670ee34e1ae9","grade":"A"}
{"ts":"2026-05-09T11:18:43.126Z","phase":"no-op","reason":"jobs-framing-not-active","sessionId":"a8a106de-71e8-494b-bc6d-670ee34e1ae9","grade":"A"}
{"ts":"2026-05-09T11:19:17.743Z","phase":"stale-state-skip","toolName":"Agent","stateSessionId":"01a5b41b-bd7b-43be-8454-e7427d5142f3","currentSessionId":"a8a106de-71e8-494b-bc6d-670ee34e1ae9"}
{"ts":"2026-05-09T11:21:02.603Z","phase":"stale-state-skip","toolName":"Agent","stateSessionId":"01a5b41b-bd7b-43be-8454-e7427d5142f3","currentSessionId":"a8a106de-71e8-494b-bc6d-670ee34e1ae9"}
{"ts":"2026-05-09T11:30:05.366Z","phase":"no-op","reason":"jobs-framing-not-active","sessionId":"09ae756e-94e3-4584-a980-ea9cf1f583ee","grade":"A"}
{"ts":"2026-05-09T11:32:29.968Z","phase":"no-op","reason":"jobs-framing-not-active","sessionId":"09ae756e-94e3-4584-a980-ea9cf1f583ee","grade":"A"}
{"ts":"2026-05-09T11:37:24.337Z","phase":"no-op","reason":"jobs-framing-not-active","sessionId":"09ae756e-94e3-4584-a980-ea9cf1f583ee","grade":"A"}
{"ts":"2026-05-09T11:42:38.333Z","phase":"no-op","reason":"jobs-framing-not-active","sessionId":"09ae756e-94e3-4584-a980-ea9cf1f583ee","grade":"A"}
{"ts":"2026-05-09T11:46:48.410Z","phase":"no-op","reason":"jobs-framing-not-active","sessionId":"09ae756e-94e3-4584-a980-ea9cf1f583ee","grade":"A"}
{"ts":"2026-05-09T11:54:15.253Z","phase":"no-op","reason":"jobs-framing-not-active","sessionId":"09ae756e-94e3-4584-a980-ea9cf1f583ee","grade":"A"}
{"ts":"2026-05-09T11:55:33.695Z","phase":"stale-state-skip","toolName":"Agent","stateSessionId":"01a5b41b-bd7b-43be-8454-e7427d5142f3","currentSessionId":"09ae756e-94e3-4584-a980-ea9cf1f583ee"}
{"ts":"2026-05-09T11:57:11.848Z","phase":"stale-state-skip","toolName":"Agent","stateSessionId":"01a5b41b-bd7b-43be-8454-e7427d5142f3","currentSessionId":"09ae756e-94e3-4584-a980-ea9cf1f583ee"}
{"ts":"2026-05-09T11:58:31.776Z","phase":"stale-state-skip","toolName":"Agent","stateSessionId":"01a5b41b-bd7b-43be-8454-e7427d5142f3","currentSessionId":"09ae756e-94e3-4584-a980-ea9cf1f583ee"}
{"ts":"2026-05-09T12:11:06.984Z","phase":"no-op","reason":"jobs-framing-not-active","sessionId":"413f6353-82c5-44be-bfbc-119398d42751","grade":"A"}
{"ts":"2026-05-09T12:14:09.230Z","phase":"no-op","reason":"jobs-framing-not-active","sessionId":"413f6353-82c5-44be-bfbc-119398d42751","grade":"A"}
{"ts":"2026-05-09T12:14:47.008Z","phase":"stale-state-skip","toolName":"Agent","stateSessionId":"01a5b41b-bd7b-43be-8454-e7427d5142f3","currentSessionId":"413f6353-82c5-44be-bfbc-119398d42751"}
{"ts":"2026-05-09T12:26:54.307Z","phase":"no-op","reason":"jobs-framing-not-active","sessionId":"413f6353-82c5-44be-bfbc-119398d42751","grade":"A"}
{"ts":"2026-05-09T12:33:06.027Z","phase":"no-op","reason":"jobs-framing-not-active","sessionId":"413f6353-82c5-44be-bfbc-119398d42751","grade":"A"}
{"ts":"2026-05-09T12:33:41.018Z","phase":"stale-state-skip","toolName":"Agent","stateSessionId":"01a5b41b-bd7b-43be-8454-e7427d5142f3","currentSessionId":"413f6353-82c5-44be-bfbc-119398d42751"}
{"ts":"2026-05-09T12:36:40.490Z","phase":"stale-state-skip","toolName":"Agent","stateSessionId":"01a5b41b-bd7b-43be-8454-e7427d5142f3","currentSessionId":"413f6353-82c5-44be-bfbc-119398d42751"}
{"ts":"2026-05-09T12:39:34.401Z","phase":"stale-state-skip","toolName":"Agent","stateSessionId":"01a5b41b-bd7b-43be-8454-e7427d5142f3","currentSessionId":"413f6353-82c5-44be-bfbc-119398d42751"}
{"ts":"2026-05-09T12:47:24.988Z","phase":"no-op","reason":"jobs-framing-not-active","sessionId":"413f6353-82c5-44be-bfbc-119398d42751","grade":"A"}
{"ts":"2026-05-09T12:48:16.781Z","phase":"stale-state-skip","toolName":"Agent","stateSessionId":"01a5b41b-bd7b-43be-8454-e7427d5142f3","currentSessionId":"413f6353-82c5-44be-bfbc-119398d42751"}
{"ts":"2026-05-09T12:53:50.234Z","phase":"no-op","reason":"jobs-framing-not-active","sessionId":"413f6353-82c5-44be-bfbc-119398d42751","grade":"A"}
{"ts":"2026-05-09T12:55:44.699Z","phase":"no-op","reason":"jobs-framing-not-active","sessionId":"413f6353-82c5-44be-bfbc-119398d42751","grade":"A"}
{"ts":"2026-05-09T12:56:38.196Z","phase":"stale-state-skip","toolName":"Agent","stateSessionId":"01a5b41b-bd7b-43be-8454-e7427d5142f3","currentSessionId":"413f6353-82c5-44be-bfbc-119398d42751"}
{"ts":"2026-05-09T13:02:28.283Z","phase":"no-op","reason":"jobs-framing-not-active","sessionId":"413f6353-82c5-44be-bfbc-119398d42751","grade":"A"}
{"ts":"2026-05-09T13:03:07.743Z","phase":"stale-state-skip","toolName":"Agent","stateSessionId":"01a5b41b-bd7b-43be-8454-e7427d5142f3","currentSessionId":"413f6353-82c5-44be-bfbc-119398d42751"}
{"ts":"2026-05-09T13:09:01.047Z","phase":"no-op","reason":"jobs-framing-not-active","sessionId":"413f6353-82c5-44be-bfbc-119398d42751","grade":"A"}
{"ts":"2026-05-09T13:09:34.103Z","phase":"stale-state-skip","toolName":"Agent","stateSessionId":"01a5b41b-bd7b-43be-8454-e7427d5142f3","currentSessionId":"413f6353-82c5-44be-bfbc-119398d42751"}
{"ts":"2026-05-09T13:13:07.813Z","phase":"stale-state-skip","toolName":"Agent","stateSessionId":"01a5b41b-bd7b-43be-8454-e7427d5142f3","currentSessionId":"413f6353-82c5-44be-bfbc-119398d42751"}
{"ts":"2026-05-09T13:19:03.722Z","phase":"no-op","reason":"jobs-framing-not-active","sessionId":"413f6353-82c5-44be-bfbc-119398d42751","grade":"A"}
{"ts":"2026-05-09T13:20:51.487Z","phase":"no-op","reason":"jobs-framing-not-active","sessionId":"413f6353-82c5-44be-bfbc-119398d42751","grade":"A"}
{"ts":"2026-05-09T13:25:34.181Z","phase":"no-op","reason":"jobs-framing-not-active","sessionId":"413f6353-82c5-44be-bfbc-119398d42751","grade":"A"}
{"ts":"2026-05-09T13:27:21.286Z","phase":"no-op","reason":"jobs-framing-not-active","sessionId":"413f6353-82c5-44be-bfbc-119398d42751","grade":"A"}
{"ts":"2026-05-09T13:28:10.788Z","phase":"no-op","reason":"jobs-framing-not-active","sessionId":"413f6353-82c5-44be-bfbc-119398d42751","grade":"A"}
{"ts":"2026-05-09T13:28:36.173Z","phase":"no-op","reason":"jobs-framing-not-active","sessionId":"413f6353-82c5-44be-bfbc-119398d42751","grade":"A"}
{"ts":"2026-05-09T13:29:02.259Z","phase":"no-op","reason":"jobs-framing-not-active","sessionId":"413f6353-82c5-44be-bfbc-119398d42751","grade":"A"}
{"ts":"2026-05-09T13:30:21.097Z","phase":"no-op","reason":"jobs-framing-not-active","sessionId":"413f6353-82c5-44be-bfbc-119398d42751","grade":"A"}
{"ts":"2026-05-09T13:30:51.556Z","phase":"stale-state-skip","toolName":"Agent","stateSessionId":"01a5b41b-bd7b-43be-8454-e7427d5142f3","currentSessionId":"413f6353-82c5-44be-bfbc-119398d42751"}
{"ts":"2026-05-09T13:32:29.722Z","phase":"stale-state-skip","toolName":"Agent","stateSessionId":"01a5b41b-bd7b-43be-8454-e7427d5142f3","currentSessionId":"413f6353-82c5-44be-bfbc-119398d42751"}
{"ts":"2026-05-09T13:56:23.721Z","phase":"no-op","reason":"jobs-framing-not-active","sessionId":"9f85d8e8-a981-4e9b-ae70-e1e0764edeef","grade":"A"}
{"ts":"2026-05-09T13:57:38.851Z","phase":"stale-state-skip","toolName":"Agent","stateSessionId":"01a5b41b-bd7b-43be-8454-e7427d5142f3","currentSessionId":"9f85d8e8-a981-4e9b-ae70-e1e0764edeef"}
{"ts":"2026-05-09T14:04:06.624Z","phase":"no-op","reason":"grade-mismatch","grade":"C"}
{"ts":"2026-05-09T14:09:11.465Z","phase":"no-op","reason":"grade-mismatch","grade":"C"}
{"ts":"2026-05-09T15:17:53.154Z","phase":"no-op","reason":"grade-mismatch","grade":"C"}
{"ts":"2026-05-09T20:39:51.033Z","phase":"no-op","reason":"grade-mismatch","grade":"C"}
{"ts":"2026-05-09T20:43:10.260Z","phase":"no-op","reason":"grade-mismatch","grade":"C"}
{"ts":"2026-05-09T20:44:26.902Z","phase":"stale-state-skip","toolName":"Agent","stateSessionId":"01a5b41b-bd7b-43be-8454-e7427d5142f3","currentSessionId":"9f85d8e8-a981-4e9b-ae70-e1e0764edeef"}
{"ts":"2026-05-09T21:30:07.730Z","phase":"no-op","reason":"grade-mismatch","grade":"C"}
{"ts":"2026-05-09T21:35:04.768Z","phase":"no-op","reason":"grade-mismatch","grade":"C"}
{"ts":"2026-05-09T21:41:30.383Z","phase":"no-op","reason":"grade-mismatch","grade":"C"}
{"ts":"2026-05-10T00:16:29.833Z","phase":"no-op","reason":"grade-mismatch","grade":"C"}
{"ts":"2026-05-10T00:18:56.890Z","phase":"no-op","reason":"grade-mismatch","grade":"C"}
{"ts":"2026-05-10T00:19:51.630Z","phase":"no-op","reason":"grade-mismatch","grade":"C"}
{"ts":"2026-05-10T00:20:43.413Z","phase":"no-op","reason":"grade-mismatch","grade":"C"}
{"ts":"2026-05-10T00:21:06.479Z","phase":"stale-state-skip","toolName":"Agent","stateSessionId":"01a5b41b-bd7b-43be-8454-e7427d5142f3","currentSessionId":"1f5f759f-a74b-46d4-9a0b-0cf216811cbb"}
{"ts":"2026-05-10T01:28:54.841Z","phase":"no-op","reason":"grade-mismatch","grade":"C"}
{"ts":"2026-05-10T01:35:04.320Z","phase":"no-op","reason":"grade-mismatch","grade":"C"}
{"ts":"2026-05-10T01:35:29.864Z","phase":"no-op","reason":"grade-mismatch","grade":"C"}
{"ts":"2026-05-10T01:35:50.381Z","phase":"stale-state-skip","toolName":"Agent","stateSessionId":"01a5b41b-bd7b-43be-8454-e7427d5142f3","currentSessionId":"1db633b1-f406-458f-a353-e7efa0c8a9df"}
{"ts":"2026-05-10T02:18:37.389Z","phase":"no-op","reason":"grade-mismatch","grade":"C"}
{"ts":"2026-05-10T02:20:09.287Z","phase":"no-op","reason":"jobs-framing-not-active","sessionId":"71e43266-39e7-4106-973a-f6f2dc3b7519","grade":"B"}
{"ts":"2026-05-10T02:20:27.392Z","phase":"stale-state-skip","toolName":"Agent","stateSessionId":"01a5b41b-bd7b-43be-8454-e7427d5142f3","currentSessionId":"71e43266-39e7-4106-973a-f6f2dc3b7519"}
{"ts":"2026-05-10T02:23:42.706Z","phase":"stale-state-skip","toolName":"Agent","stateSessionId":"01a5b41b-bd7b-43be-8454-e7427d5142f3","currentSessionId":"71e43266-39e7-4106-973a-f6f2dc3b7519"}
{"ts":"2026-05-10T02:27:24.159Z","phase":"no-op","reason":"jobs-framing-not-active","sessionId":"71e43266-39e7-4106-973a-f6f2dc3b7519","grade":"B"}
{"ts":"2026-05-10T02:28:17.759Z","phase":"stale-state-skip","toolName":"Agent","stateSessionId":"01a5b41b-bd7b-43be-8454-e7427d5142f3","currentSessionId":"71e43266-39e7-4106-973a-f6f2dc3b7519"}
{"ts":"2026-05-10T02:28:26.829Z","phase":"stale-state-skip","toolName":"Agent","stateSessionId":"01a5b41b-bd7b-43be-8454-e7427d5142f3","currentSessionId":"71e43266-39e7-4106-973a-f6f2dc3b7519"}
{"ts":"2026-05-10T02:30:53.411Z","phase":"no-op","reason":"jobs-framing-not-active","sessionId":"session_test","grade":"B"}
{"ts":"2026-05-10T02:34:57.673Z","phase":"stale-state-skip","toolName":"Agent","stateSessionId":"01a5b41b-bd7b-43be-8454-e7427d5142f3","currentSessionId":"71e43266-39e7-4106-973a-f6f2dc3b7519"}
{"ts":"2026-05-10T02:35:12.255Z","phase":"stale-state-skip","toolName":"Agent","stateSessionId":"01a5b41b-bd7b-43be-8454-e7427d5142f3","currentSessionId":"71e43266-39e7-4106-973a-f6f2dc3b7519"}
{"ts":"2026-05-10T02:45:42.782Z","phase":"no-op","reason":"jobs-framing-not-active","sessionId":"71e43266-39e7-4106-973a-f6f2dc3b7519","grade":"B"}
{"ts":"2026-05-10T02:47:35.380Z","phase":"no-op","reason":"jobs-framing-not-active","sessionId":"71e43266-39e7-4106-973a-f6f2dc3b7519","grade":"B"}
{"ts":"2026-05-10T02:48:27.976Z","phase":"stale-state-skip","toolName":"Agent","stateSessionId":"01a5b41b-bd7b-43be-8454-e7427d5142f3","currentSessionId":"71e43266-39e7-4106-973a-f6f2dc3b7519"}
{"ts":"2026-05-10T03:12:05.339Z","phase":"no-op","reason":"jobs-framing-not-active","sessionId":"71e43266-39e7-4106-973a-f6f2dc3b7519","grade":"B"}
{"ts":"2026-05-10T03:12:29.421Z","phase":"no-op","reason":"jobs-framing-not-active","sessionId":"71e43266-39e7-4106-973a-f6f2dc3b7519","grade":"B"}
{"ts":"2026-05-10T03:12:54.817Z","phase":"stale-state-skip","toolName":"Agent","stateSessionId":"01a5b41b-bd7b-43be-8454-e7427d5142f3","currentSessionId":"71e43266-39e7-4106-973a-f6f2dc3b7519"}
{"ts":"2026-05-10T03:16:25.247Z","phase":"stale-state-skip","toolName":"Agent","stateSessionId":"01a5b41b-bd7b-43be-8454-e7427d5142f3","currentSessionId":"71e43266-39e7-4106-973a-f6f2dc3b7519"}
{"ts":"2026-05-10T03:25:43.427Z","phase":"no-op","reason":"jobs-framing-not-active","sessionId":"2e1060bb-99a9-4056-a996-45e461fa5330","grade":"B"}
{"ts":"2026-05-10T08:47:05.456Z","phase":"no-op","reason":"jobs-framing-not-active","sessionId":"2e1060bb-99a9-4056-a996-45e461fa5330","grade":"B"}
{"ts":"2026-05-10T08:48:49.436Z","phase":"stale-state-skip","toolName":"Agent","stateSessionId":"01a5b41b-bd7b-43be-8454-e7427d5142f3","currentSessionId":"2e1060bb-99a9-4056-a996-45e461fa5330"}
{"ts":"2026-05-10T08:56:50.215Z","phase":"no-op","reason":"jobs-framing-not-active","sessionId":"2e1060bb-99a9-4056-a996-45e461fa5330","grade":"B"}
{"ts":"2026-05-10T08:59:21.498Z","phase":"no-op","reason":"jobs-framing-not-active","sessionId":"2e1060bb-99a9-4056-a996-45e461fa5330","grade":"B"}
{"ts":"2026-05-10T08:59:57.277Z","phase":"stale-state-skip","toolName":"Agent","stateSessionId":"01a5b41b-bd7b-43be-8454-e7427d5142f3","currentSessionId":"2e1060bb-99a9-4056-a996-45e461fa5330"}
{"ts":"2026-05-10T09:09:38.450Z","phase":"no-op","reason":"jobs-framing-not-active","sessionId":"2e1060bb-99a9-4056-a996-45e461fa5330","grade":"B"}
{"ts":"2026-05-10T09:12:47.550Z","phase":"no-op","reason":"jobs-framing-not-active","sessionId":"2e1060bb-99a9-4056-a996-45e461fa5330","grade":"B"}
{"ts":"2026-05-10T09:15:51.769Z","phase":"no-op","reason":"jobs-framing-not-active","sessionId":"2e1060bb-99a9-4056-a996-45e461fa5330","grade":"B"}
{"ts":"2026-05-10T09:17:43.629Z","phase":"jobs-framing-activated","sessionId":"2e1060bb-99a9-4056-a996-45e461fa5330","grade":"B"}
{"ts":"2026-05-10T09:21:43.342Z","phase":"classified","sessionId":"2e1060bb-99a9-4056-a996-45e461fa5330","grade":"B","echoTriggerDetected":false,"intentReconfirmRequested":false,"matchedKeywords":[],"elapsedMs":8}
{"ts":"2026-05-10T09:23:46.704Z","phase":"classified","sessionId":"2e1060bb-99a9-4056-a996-45e461fa5330","grade":"B","echoTriggerDetected":false,"intentReconfirmRequested":false,"matchedKeywords":[],"elapsedMs":11}
{"ts":"2026-05-10T09:24:36.286Z","phase":"no-audit","toolName":"Agent"}
{"ts":"2026-05-10T09:30:13.115Z","phase":"classified","sessionId":"2e1060bb-99a9-4056-a996-45e461fa5330","grade":"B","echoTriggerDetected":false,"intentReconfirmRequested":false,"matchedKeywords":[],"elapsedMs":9}
{"ts":"2026-05-10T09:40:47.590Z","phase":"classified","sessionId":"2e1060bb-99a9-4056-a996-45e461fa5330","grade":"B","echoTriggerDetected":false,"intentReconfirmRequested":false,"matchedKeywords":[],"elapsedMs":7}
{"ts":"2026-05-10T09:47:43.597Z","phase":"classified","sessionId":"2e1060bb-99a9-4056-a996-45e461fa5330","grade":"B","echoTriggerDetected":false,"intentReconfirmRequested":false,"matchedKeywords":[],"elapsedMs":23}
{"ts":"2026-05-10T09:50:05.846Z","phase":"classified","sessionId":"2e1060bb-99a9-4056-a996-45e461fa5330","grade":"B","echoTriggerDetected":true,"intentReconfirmRequested":false,"matchedKeywords":["동의"],"elapsedMs":7}
{"ts":"2026-05-10T09:50:05.846Z","phase":"audit-emit","source":"UserPromptSubmit","echoTriggerDetected":true,"intentReconfirmRequested":false,"matchedKeywords":["동의"]}
{"ts":"2026-05-10T09:54:52.081Z","phase":"classified","sessionId":"2e1060bb-99a9-4056-a996-45e461fa5330","grade":"B","echoTriggerDetected":false,"intentReconfirmRequested":false,"matchedKeywords":[],"elapsedMs":8}
{"ts":"2026-05-10T10:02:06.264Z","phase":"classified","sessionId":"2e1060bb-99a9-4056-a996-45e461fa5330","grade":"B","echoTriggerDetected":false,"intentReconfirmRequested":false,"matchedKeywords":[],"elapsedMs":8}
{"ts":"2026-05-10T10:05:06.590Z","phase":"classified","sessionId":"2e1060bb-99a9-4056-a996-45e461fa5330","grade":"B","echoTriggerDetected":false,"intentReconfirmRequested":false,"matchedKeywords":[],"elapsedMs":7}
{"ts":"2026-05-10T10:06:31.265Z","phase":"no-audit","toolName":"Agent"}
{"ts":"2026-05-10T10:32:25.997Z","phase":"classified","sessionId":"2e1060bb-99a9-4056-a996-45e461fa5330","grade":"B","echoTriggerDetected":false,"intentReconfirmRequested":false,"matchedKeywords":[],"elapsedMs":7}
{"ts":"2026-05-10T10:33:19.437Z","phase":"no-audit","toolName":"Agent"}
{"ts":"2026-05-10T10:46:35.181Z","phase":"classified","sessionId":"2e1060bb-99a9-4056-a996-45e461fa5330","grade":"B","echoTriggerDetected":false,"intentReconfirmRequested":false,"matchedKeywords":[],"elapsedMs":8}
{"ts":"2026-05-10T10:48:51.985Z","phase":"classified","sessionId":"2e1060bb-99a9-4056-a996-45e461fa5330","grade":"B","echoTriggerDetected":false,"intentReconfirmRequested":false,"matchedKeywords":[],"elapsedMs":9}
{"ts":"2026-05-10T10:49:56.028Z","phase":"no-audit","toolName":"Agent"}
{"ts":"2026-05-10T11:00:23.938Z","phase":"classified","sessionId":"2e1060bb-99a9-4056-a996-45e461fa5330","grade":"B","echoTriggerDetected":false,"intentReconfirmRequested":false,"matchedKeywords":[],"elapsedMs":8}
{"ts":"2026-05-10T11:01:34.166Z","phase":"no-audit","toolName":"Agent"}
{"ts":"2026-05-10T11:07:30.653Z","phase":"classified","sessionId":"2e1060bb-99a9-4056-a996-45e461fa5330","grade":"B","echoTriggerDetected":false,"intentReconfirmRequested":false,"matchedKeywords":[],"elapsedMs":7}
{"ts":"2026-05-10T11:07:57.488Z","phase":"no-audit","toolName":"Agent"}
{"ts":"2026-05-10T11:12:23.341Z","phase":"no-audit","toolName":"Agent"}
{"ts":"2026-05-10T11:12:55.651Z","phase":"no-audit","toolName":"Agent"}
{"ts":"2026-05-10T11:16:09.750Z","phase":"no-audit","toolName":"Agent"}
{"ts":"2026-05-10T14:03:43.845Z","phase":"no-op","reason":"grade-mismatch","grade":"C"}
{"ts":"2026-05-10T14:08:50.618Z","phase":"no-op","reason":"jobs-framing-not-active","sessionId":"a4221a87-bf28-43a2-af37-783ed6e5caf0","grade":"S"}
{"ts":"2026-05-10T14:12:40.680Z","phase":"no-op","reason":"jobs-framing-not-active","sessionId":"a4221a87-bf28-43a2-af37-783ed6e5caf0","grade":"S"}
{"ts":"2026-05-10T14:17:41.345Z","phase":"no-op","reason":"jobs-framing-not-active","sessionId":"a4221a87-bf28-43a2-af37-783ed6e5caf0","grade":"S"}
{"ts":"2026-05-10T14:32:17.764Z","phase":"no-op","reason":"jobs-framing-not-active","sessionId":"a4221a87-bf28-43a2-af37-783ed6e5caf0","grade":"S"}
{"ts":"2026-05-10T14:36:14.500Z","phase":"no-op","reason":"jobs-framing-not-active","sessionId":"a4221a87-bf28-43a2-af37-783ed6e5caf0","grade":"S"}
{"ts":"2026-05-10T14:39:44.743Z","phase":"no-op","reason":"jobs-framing-not-active","sessionId":"a4221a87-bf28-43a2-af37-783ed6e5caf0","grade":"S"}
{"ts":"2026-05-10T14:40:24.392Z","phase":"no-op","reason":"jobs-framing-not-active","sessionId":"a4221a87-bf28-43a2-af37-783ed6e5caf0","grade":"S"}
{"ts":"2026-05-10T14:45:55.030Z","phase":"no-op","reason":"jobs-framing-not-active","sessionId":"a4221a87-bf28-43a2-af37-783ed6e5caf0","grade":"S"}
{"ts":"2026-05-10T14:47:20.922Z","phase":"no-op","reason":"jobs-framing-not-active","sessionId":"a4221a87-bf28-43a2-af37-783ed6e5caf0","grade":"S"}
{"ts":"2026-05-10T14:48:56.530Z","phase":"no-op","reason":"jobs-framing-not-active","sessionId":"a4221a87-bf28-43a2-af37-783ed6e5caf0","grade":"S"}
{"ts":"2026-05-10T14:50:32.550Z","phase":"no-op","reason":"jobs-framing-not-active","sessionId":"a4221a87-bf28-43a2-af37-783ed6e5caf0","grade":"S"}
{"ts":"2026-05-10T14:54:49.944Z","phase":"no-op","reason":"jobs-framing-not-active","sessionId":"a4221a87-bf28-43a2-af37-783ed6e5caf0","grade":"S"}
{"ts":"2026-05-10T14:57:46.009Z","phase":"no-op","reason":"jobs-framing-not-active","sessionId":"a4221a87-bf28-43a2-af37-783ed6e5caf0","grade":"S"}
{"ts":"2026-05-10T14:59:14.876Z","phase":"no-op","reason":"jobs-framing-not-active","sessionId":"a4221a87-bf28-43a2-af37-783ed6e5caf0","grade":"S"}
{"ts":"2026-05-10T15:01:36.005Z","phase":"no-op","reason":"jobs-framing-not-active","sessionId":"a4221a87-bf28-43a2-af37-783ed6e5caf0","grade":"S"}
{"ts":"2026-05-10T15:02:12.692Z","phase":"stale-state-skip","toolName":"Agent","stateSessionId":"2e1060bb-99a9-4056-a996-45e461fa5330","currentSessionId":"a4221a87-bf28-43a2-af37-783ed6e5caf0"}
{"ts":"2026-05-10T15:02:24.153Z","phase":"stale-state-skip","toolName":"Agent","stateSessionId":"2e1060bb-99a9-4056-a996-45e461fa5330","currentSessionId":"a4221a87-bf28-43a2-af37-783ed6e5caf0"}
{"ts":"2026-05-11T08:01:05.580Z","phase":"no-op","reason":"jobs-framing-not-active","sessionId":"a4221a87-bf28-43a2-af37-783ed6e5caf0","grade":"S"}
{"ts":"2026-05-11T08:06:59.643Z","phase":"no-op","reason":"jobs-framing-not-active","sessionId":"a4221a87-bf28-43a2-af37-783ed6e5caf0","grade":"S"}
{"ts":"2026-05-11T08:13:34.186Z","phase":"no-op","reason":"jobs-framing-not-active","sessionId":"a4221a87-bf28-43a2-af37-783ed6e5caf0","grade":"S"}
{"ts":"2026-05-11T08:14:10.586Z","phase":"no-op","reason":"jobs-framing-not-active","sessionId":"a4221a87-bf28-43a2-af37-783ed6e5caf0","grade":"S"}
{"ts":"2026-05-11T08:15:11.485Z","phase":"stale-state-skip","toolName":"Agent","stateSessionId":"2e1060bb-99a9-4056-a996-45e461fa5330","currentSessionId":"a4221a87-bf28-43a2-af37-783ed6e5caf0"}
{"ts":"2026-05-11T08:15:47.819Z","phase":"stale-state-skip","toolName":"Agent","stateSessionId":"2e1060bb-99a9-4056-a996-45e461fa5330","currentSessionId":"a4221a87-bf28-43a2-af37-783ed6e5caf0"}
{"ts":"2026-05-11T08:17:28.430Z","phase":"stale-state-skip","toolName":"Agent","stateSessionId":"2e1060bb-99a9-4056-a996-45e461fa5330","currentSessionId":"a4221a87-bf28-43a2-af37-783ed6e5caf0"}
{"ts":"2026-05-11T11:25:10.645Z","phase":"no-op","reason":"jobs-framing-not-active","sessionId":"a4221a87-bf28-43a2-af37-783ed6e5caf0","grade":"S"}
{"ts":"2026-05-11T11:27:12.294Z","phase":"no-op","reason":"jobs-framing-not-active","sessionId":"a4221a87-bf28-43a2-af37-783ed6e5caf0","grade":"S"}
{"ts":"2026-05-11T11:30:31.526Z","phase":"no-op","reason":"jobs-framing-not-active","sessionId":"a4221a87-bf28-43a2-af37-783ed6e5caf0","grade":"S"}
{"ts":"2026-05-11T11:31:49.529Z","phase":"no-op","reason":"jobs-framing-not-active","sessionId":"a4221a87-bf28-43a2-af37-783ed6e5caf0","grade":"S"}
{"ts":"2026-05-11T11:42:18.501Z","phase":"no-op","reason":"jobs-framing-not-active","sessionId":"a4959e2a-ed65-4754-8647-b6a8fd0f66b7","grade":"S"}
{"ts":"2026-05-11T11:46:40.885Z","phase":"no-op","reason":"grade-mismatch","grade":"C"}
{"ts":"2026-05-11T11:47:38.865Z","phase":"no-op","reason":"grade-mismatch","grade":"C"}
{"ts":"2026-05-11T11:49:25.674Z","phase":"no-op","reason":"grade-mismatch","grade":"C"}
{"ts":"2026-05-11T11:58:15.077Z","phase":"no-op","reason":"grade-mismatch","grade":"C"}
{"ts":"2026-05-11T11:59:15.356Z","phase":"no-op","reason":"grade-mismatch","grade":"C"}
{"ts":"2026-05-11T12:01:08.846Z","phase":"no-op","reason":"grade-mismatch","grade":"C"}
{"ts":"2026-05-11T12:03:08.662Z","phase":"no-op","reason":"grade-mismatch","grade":"C"}
{"ts":"2026-05-11T12:05:31.648Z","phase":"no-op","reason":"grade-mismatch","grade":"C"}
{"ts":"2026-05-11T12:07:20.272Z","phase":"no-op","reason":"grade-mismatch","grade":"C"}
{"ts":"2026-05-11T12:09:11.608Z","phase":"no-op","reason":"grade-mismatch","grade":"C"}
{"ts":"2026-05-11T12:14:09.521Z","phase":"no-op","reason":"grade-mismatch","grade":"C"}
{"ts":"2026-05-11T12:20:40.873Z","phase":"no-op","reason":"grade-mismatch","grade":"C"}
{"ts":"2026-05-11T12:22:04.786Z","phase":"stale-state-skip","toolName":"Agent","stateSessionId":"2e1060bb-99a9-4056-a996-45e461fa5330","currentSessionId":"a4959e2a-ed65-4754-8647-b6a8fd0f66b7"}
{"ts":"2026-05-11T12:29:05.179Z","phase":"no-op","reason":"grade-mismatch","grade":"C"}
{"ts":"2026-05-11T12:34:21.667Z","phase":"no-op","reason":"jobs-framing-not-active","sessionId":"ef54a436-fd76-4e56-b5ba-0c770f2f1939","grade":"A"}
{"ts":"2026-05-11T12:37:37.891Z","phase":"no-op","reason":"jobs-framing-not-active","sessionId":"ef54a436-fd76-4e56-b5ba-0c770f2f1939","grade":"A"}
{"ts":"2026-05-11T12:40:55.492Z","phase":"no-op","reason":"jobs-framing-not-active","sessionId":"ef54a436-fd76-4e56-b5ba-0c770f2f1939","grade":"A"}
{"ts":"2026-05-11T12:45:47.807Z","phase":"jobs-framing-activated","sessionId":"ef54a436-fd76-4e56-b5ba-0c770f2f1939","grade":"A"}
{"ts":"2026-05-11T12:45:51.897Z","phase":"jobs-framing-activated","sessionId":"ef54a436-fd76-4e56-b5ba-0c770f2f1939","grade":"A","source":"Nexus-Skill"}
{"ts":"2026-05-11T12:50:02.214Z","phase":"classified","sessionId":"ef54a436-fd76-4e56-b5ba-0c770f2f1939","grade":"A","echoTriggerDetected":false,"intentReconfirmRequested":false,"matchedKeywords":[],"elapsedMs":6}
{"ts":"2026-05-11T12:50:58.527Z","phase":"classified","sessionId":"ef54a436-fd76-4e56-b5ba-0c770f2f1939","grade":"A","echoTriggerDetected":false,"intentReconfirmRequested":false,"matchedKeywords":[],"elapsedMs":7}
{"ts":"2026-05-11T12:51:43.079Z","phase":"no-audit","toolName":"Agent"}
{"ts":"2026-05-11T12:56:20.190Z","phase":"classified","sessionId":"ef54a436-fd76-4e56-b5ba-0c770f2f1939","grade":"A","echoTriggerDetected":false,"intentReconfirmRequested":false,"matchedKeywords":[],"elapsedMs":10}
{"ts":"2026-05-11T13:00:49.102Z","phase":"classified","sessionId":"ef54a436-fd76-4e56-b5ba-0c770f2f1939","grade":"A","echoTriggerDetected":false,"intentReconfirmRequested":false,"matchedKeywords":[],"elapsedMs":8}
{"ts":"2026-05-11T13:01:26.345Z","phase":"no-audit","toolName":"Agent"}
{"ts":"2026-05-11T13:06:06.950Z","phase":"classified","sessionId":"ef54a436-fd76-4e56-b5ba-0c770f2f1939","grade":"A","echoTriggerDetected":false,"intentReconfirmRequested":false,"matchedKeywords":[],"elapsedMs":7}
{"ts":"2026-05-11T13:09:10.226Z","phase":"classified","sessionId":"ef54a436-fd76-4e56-b5ba-0c770f2f1939","grade":"A","echoTriggerDetected":false,"intentReconfirmRequested":false,"matchedKeywords":[],"elapsedMs":8}
{"ts":"2026-05-11T13:10:37.387Z","phase":"classified","sessionId":"ef54a436-fd76-4e56-b5ba-0c770f2f1939","grade":"A","echoTriggerDetected":false,"intentReconfirmRequested":false,"matchedKeywords":[],"elapsedMs":7}
{"ts":"2026-05-11T13:11:19.799Z","phase":"no-audit","toolName":"Agent"}
{"ts":"2026-05-11T13:23:22.483Z","phase":"classified","sessionId":"ef54a436-fd76-4e56-b5ba-0c770f2f1939","grade":"A","echoTriggerDetected":false,"intentReconfirmRequested":false,"matchedKeywords":[],"elapsedMs":8}
{"ts":"2026-05-11T13:24:45.635Z","phase":"classified","sessionId":"ef54a436-fd76-4e56-b5ba-0c770f2f1939","grade":"A","echoTriggerDetected":false,"intentReconfirmRequested":false,"matchedKeywords":[],"elapsedMs":7}
{"ts":"2026-05-11T13:26:30.351Z","phase":"classified","sessionId":"ef54a436-fd76-4e56-b5ba-0c770f2f1939","grade":"A","echoTriggerDetected":false,"intentReconfirmRequested":false,"matchedKeywords":[],"elapsedMs":6}
{"ts":"2026-05-11T13:27:14.577Z","phase":"no-audit","toolName":"Agent"}
{"ts":"2026-05-11T13:33:55.954Z","phase":"classified","sessionId":"ef54a436-fd76-4e56-b5ba-0c770f2f1939","grade":"A","echoTriggerDetected":false,"intentReconfirmRequested":false,"matchedKeywords":[],"elapsedMs":9}
{"ts":"2026-05-11T13:36:57.626Z","phase":"classified","sessionId":"ef54a436-fd76-4e56-b5ba-0c770f2f1939","grade":"A","echoTriggerDetected":false,"intentReconfirmRequested":false,"matchedKeywords":[],"elapsedMs":10}
{"ts":"2026-05-11T13:37:49.638Z","phase":"classified","sessionId":"ef54a436-fd76-4e56-b5ba-0c770f2f1939","grade":"A","echoTriggerDetected":false,"intentReconfirmRequested":false,"matchedKeywords":[],"elapsedMs":7}
{"ts":"2026-05-11T13:39:16.632Z","phase":"classified","sessionId":"ef54a436-fd76-4e56-b5ba-0c770f2f1939","grade":"A","echoTriggerDetected":true,"intentReconfirmRequested":false,"matchedKeywords":["OK","ok"],"elapsedMs":7}
{"ts":"2026-05-11T13:39:16.632Z","phase":"audit-emit","source":"UserPromptSubmit","echoTriggerDetected":true,"intentReconfirmRequested":false,"matchedKeywords":["OK","ok"]}
{"ts":"2026-05-11T13:41:08.452Z","phase":"audit-emit","toolName":"Agent","echoTriggerDetected":true,"intentReconfirmRequested":false,"matchedKeywords":["OK","ok"]}
{"ts":"2026-05-11T13:41:43.367Z","phase":"audit-emit","toolName":"Agent","echoTriggerDetected":true,"intentReconfirmRequested":false,"matchedKeywords":["OK","ok"]}
{"ts":"2026-05-11T13:43:14.822Z","phase":"audit-emit","toolName":"Agent","echoTriggerDetected":true,"intentReconfirmRequested":false,"matchedKeywords":["OK","ok"]}
{"ts":"2026-05-11T13:44:34.306Z","phase":"audit-emit","toolName":"Agent","echoTriggerDetected":true,"intentReconfirmRequested":false,"matchedKeywords":["OK","ok"]}
{"ts":"2026-05-11T13:46:56.574Z","phase":"classified","sessionId":"ef54a436-fd76-4e56-b5ba-0c770f2f1939","grade":"A","echoTriggerDetected":false,"intentReconfirmRequested":false,"matchedKeywords":[],"elapsedMs":10}
{"ts":"2026-05-11T13:50:04.874Z","phase":"classified","sessionId":"ef54a436-fd76-4e56-b5ba-0c770f2f1939","grade":"A","echoTriggerDetected":false,"intentReconfirmRequested":false,"matchedKeywords":[],"elapsedMs":7}
{"ts":"2026-05-11T14:01:03.320Z","phase":"classified","sessionId":"ef54a436-fd76-4e56-b5ba-0c770f2f1939","grade":"A","echoTriggerDetected":false,"intentReconfirmRequested":false,"matchedKeywords":[],"elapsedMs":7}
{"ts":"2026-05-11T14:11:04.895Z","phase":"classified","sessionId":"ef54a436-fd76-4e56-b5ba-0c770f2f1939","grade":"A","echoTriggerDetected":false,"intentReconfirmRequested":false,"matchedKeywords":[],"elapsedMs":8}
{"ts":"2026-05-11T14:12:24.261Z","phase":"classified","sessionId":"ef54a436-fd76-4e56-b5ba-0c770f2f1939","grade":"A","echoTriggerDetected":false,"intentReconfirmRequested":false,"matchedKeywords":[],"elapsedMs":8}
{"ts":"2026-05-11T15:07:19.928Z","phase":"classified","sessionId":"ef54a436-fd76-4e56-b5ba-0c770f2f1939","grade":"A","echoTriggerDetected":false,"intentReconfirmRequested":false,"matchedKeywords":[],"elapsedMs":8}
{"ts":"2026-05-11T15:15:24.645Z","phase":"classified","sessionId":"ef54a436-fd76-4e56-b5ba-0c770f2f1939","grade":"A","echoTriggerDetected":false,"intentReconfirmRequested":false,"matchedKeywords":[],"elapsedMs":8}
{"ts":"2026-05-11T15:23:07.858Z","phase":"classified","sessionId":"ef54a436-fd76-4e56-b5ba-0c770f2f1939","grade":"A","echoTriggerDetected":false,"intentReconfirmRequested":false,"matchedKeywords":[],"elapsedMs":7}
{"ts":"2026-05-11T15:26:41.576Z","phase":"classified","sessionId":"ef54a436-fd76-4e56-b5ba-0c770f2f1939","grade":"A","echoTriggerDetected":false,"intentReconfirmRequested":false,"matchedKeywords":[],"elapsedMs":45}
{"ts":"2026-05-11T15:49:46.905Z","phase":"no-op","reason":"jobs-framing-not-active","sessionId":"32f2d8df-ac17-48f4-b7ac-cf530fe35633","grade":"A"}
{"ts":"2026-05-11T15:52:45.073Z","phase":"no-op","reason":"jobs-framing-not-active","sessionId":"32f2d8df-ac17-48f4-b7ac-cf530fe35633","grade":"A"}
{"ts":"2026-05-11T15:56:06.381Z","phase":"no-op","reason":"jobs-framing-not-active","sessionId":"32f2d8df-ac17-48f4-b7ac-cf530fe35633","grade":"A"}
{"ts":"2026-05-11T15:56:33.868Z","phase":"stale-state-skip","toolName":"Agent","stateSessionId":"ef54a436-fd76-4e56-b5ba-0c770f2f1939","currentSessionId":"32f2d8df-ac17-48f4-b7ac-cf530fe35633"}
{"ts":"2026-05-11T16:30:51.894Z","phase":"no-op","reason":"jobs-framing-not-active","sessionId":"32f2d8df-ac17-48f4-b7ac-cf530fe35633","grade":"A"}
{"ts":"2026-05-11T16:33:47.832Z","phase":"no-op","reason":"jobs-framing-not-active","sessionId":"32f2d8df-ac17-48f4-b7ac-cf530fe35633","grade":"A"}
{"ts":"2026-05-11T16:34:26.513Z","phase":"stale-state-skip","toolName":"Agent","stateSessionId":"ef54a436-fd76-4e56-b5ba-0c770f2f1939","currentSessionId":"32f2d8df-ac17-48f4-b7ac-cf530fe35633"}
{"ts":"2026-05-11T16:36:41.377Z","phase":"no-op","reason":"jobs-framing-not-active","sessionId":"32f2d8df-ac17-48f4-b7ac-cf530fe35633","grade":"A"}
{"ts":"2026-05-11T16:41:09.057Z","phase":"no-op","reason":"jobs-framing-not-active","sessionId":"32f2d8df-ac17-48f4-b7ac-cf530fe35633","grade":"A"}
{"ts":"2026-05-11T16:41:36.862Z","phase":"stale-state-skip","toolName":"Agent","stateSessionId":"ef54a436-fd76-4e56-b5ba-0c770f2f1939","currentSessionId":"32f2d8df-ac17-48f4-b7ac-cf530fe35633"}
{"ts":"2026-05-11T16:43:23.742Z","phase":"no-op","reason":"jobs-framing-not-active","sessionId":"32f2d8df-ac17-48f4-b7ac-cf530fe35633","grade":"A"}
{"ts":"2026-05-11T16:51:20.438Z","phase":"no-op","reason":"jobs-framing-not-active","sessionId":"32f2d8df-ac17-48f4-b7ac-cf530fe35633","grade":"A"}
{"ts":"2026-05-11T16:54:44.721Z","phase":"no-op","reason":"jobs-framing-not-active","sessionId":"32f2d8df-ac17-48f4-b7ac-cf530fe35633","grade":"A"}
{"ts":"2026-05-11T16:56:47.039Z","phase":"no-op","reason":"jobs-framing-not-active","sessionId":"32f2d8df-ac17-48f4-b7ac-cf530fe35633","grade":"A"}
{"ts":"2026-05-11T16:57:32.307Z","phase":"stale-state-skip","toolName":"Agent","stateSessionId":"ef54a436-fd76-4e56-b5ba-0c770f2f1939","currentSessionId":"32f2d8df-ac17-48f4-b7ac-cf530fe35633"}
{"ts":"2026-05-11T17:03:45.859Z","phase":"no-op","reason":"jobs-framing-not-active","sessionId":"32f2d8df-ac17-48f4-b7ac-cf530fe35633","grade":"A"}
{"ts":"2026-05-11T17:04:43.764Z","phase":"stale-state-skip","toolName":"Agent","stateSessionId":"ef54a436-fd76-4e56-b5ba-0c770f2f1939","currentSessionId":"32f2d8df-ac17-48f4-b7ac-cf530fe35633"}
{"ts":"2026-05-11T17:05:03.864Z","phase":"stale-state-skip","toolName":"Agent","stateSessionId":"ef54a436-fd76-4e56-b5ba-0c770f2f1939","currentSessionId":"32f2d8df-ac17-48f4-b7ac-cf530fe35633"}
{"ts":"2026-05-11T17:06:48.804Z","phase":"stale-state-skip","toolName":"Agent","stateSessionId":"ef54a436-fd76-4e56-b5ba-0c770f2f1939","currentSessionId":"32f2d8df-ac17-48f4-b7ac-cf530fe35633"}
{"ts":"2026-05-11T23:02:28.831Z","phase":"no-op","reason":"jobs-framing-not-active","sessionId":"32f2d8df-ac17-48f4-b7ac-cf530fe35633","grade":"A"}
{"ts":"2026-05-11T23:03:01.159Z","phase":"stale-state-skip","toolName":"Agent","stateSessionId":"ef54a436-fd76-4e56-b5ba-0c770f2f1939","currentSessionId":"32f2d8df-ac17-48f4-b7ac-cf530fe35633"}
{"ts":"2026-05-11T23:06:55.556Z","phase":"no-op","reason":"jobs-framing-not-active","sessionId":"32f2d8df-ac17-48f4-b7ac-cf530fe35633","grade":"A"}
{"ts":"2026-05-11T23:08:07.142Z","phase":"no-op","reason":"jobs-framing-not-active","sessionId":"32f2d8df-ac17-48f4-b7ac-cf530fe35633","grade":"A"}
{"ts":"2026-05-11T23:10:33.802Z","phase":"no-op","reason":"jobs-framing-not-active","sessionId":"32f2d8df-ac17-48f4-b7ac-cf530fe35633","grade":"A"}
{"ts":"2026-05-11T23:11:37.560Z","phase":"stale-state-skip","toolName":"Agent","stateSessionId":"ef54a436-fd76-4e56-b5ba-0c770f2f1939","currentSessionId":"32f2d8df-ac17-48f4-b7ac-cf530fe35633"}
{"ts":"2026-05-11T23:15:00.587Z","phase":"no-op","reason":"jobs-framing-not-active","sessionId":"32f2d8df-ac17-48f4-b7ac-cf530fe35633","grade":"A"}
{"ts":"2026-05-11T23:16:49.253Z","phase":"no-op","reason":"jobs-framing-not-active","sessionId":"32f2d8df-ac17-48f4-b7ac-cf530fe35633","grade":"A"}
{"ts":"2026-05-11T23:20:03.240Z","phase":"no-op","reason":"jobs-framing-not-active","sessionId":"843da454-c888-48d3-bcee-2955fe2df6b5","grade":"A"}
{"ts":"2026-05-11T23:22:51.416Z","phase":"no-op","reason":"jobs-framing-not-active","sessionId":"843da454-c888-48d3-bcee-2955fe2df6b5","grade":"A"}
{"ts":"2026-05-11T23:25:29.744Z","phase":"no-op","reason":"jobs-framing-not-active","sessionId":"843da454-c888-48d3-bcee-2955fe2df6b5","grade":"A"}
{"ts":"2026-05-11T23:28:15.307Z","phase":"no-op","reason":"jobs-framing-not-active","sessionId":"843da454-c888-48d3-bcee-2955fe2df6b5","grade":"A"}
{"ts":"2026-05-11T23:29:24.013Z","phase":"no-op","reason":"jobs-framing-not-active","sessionId":"843da454-c888-48d3-bcee-2955fe2df6b5","grade":"A"}
{"ts":"2026-05-11T23:29:48.455Z","phase":"no-op","reason":"jobs-framing-not-active","sessionId":"843da454-c888-48d3-bcee-2955fe2df6b5","grade":"A"}
{"ts":"2026-05-11T23:32:20.159Z","phase":"no-op","reason":"jobs-framing-not-active","sessionId":"843da454-c888-48d3-bcee-2955fe2df6b5","grade":"A"}
{"ts":"2026-05-11T23:33:00.430Z","phase":"no-op","reason":"jobs-framing-not-active","sessionId":"843da454-c888-48d3-bcee-2955fe2df6b5","grade":"A"}
{"ts":"2026-05-11T23:33:48.861Z","phase":"no-op","reason":"jobs-framing-not-active","sessionId":"843da454-c888-48d3-bcee-2955fe2df6b5","grade":"A"}
{"ts":"2026-05-11T23:34:24.344Z","phase":"no-op","reason":"jobs-framing-not-active","sessionId":"843da454-c888-48d3-bcee-2955fe2df6b5","grade":"A"}
{"ts":"2026-05-11T23:35:59.316Z","phase":"no-op","reason":"jobs-framing-not-active","sessionId":"843da454-c888-48d3-bcee-2955fe2df6b5","grade":"A"}
{"ts":"2026-05-11T23:36:15.713Z","phase":"no-op","reason":"jobs-framing-not-active","sessionId":"843da454-c888-48d3-bcee-2955fe2df6b5","grade":"A"}
{"ts":"2026-05-11T23:38:01.203Z","phase":"no-op","reason":"jobs-framing-not-active","sessionId":"843da454-c888-48d3-bcee-2955fe2df6b5","grade":"A"}
{"ts":"2026-05-12T00:01:16.808Z","phase":"no-op","reason":"jobs-framing-not-active","sessionId":"843da454-c888-48d3-bcee-2955fe2df6b5","grade":"A"}
{"ts":"2026-05-12T00:02:29.903Z","phase":"no-op","reason":"jobs-framing-not-active","sessionId":"843da454-c888-48d3-bcee-2955fe2df6b5","grade":"A"}
{"ts":"2026-05-12T00:03:12.979Z","phase":"no-op","reason":"jobs-framing-not-active","sessionId":"843da454-c888-48d3-bcee-2955fe2df6b5","grade":"A"}
